mean_slope_deg,mean_curvature,swi_mm,rainfall_24h_mm,landslide,source
35.95824194223853,-0.014843841879948734,129.03432056649712,152.41460420603522,1,SIMULATED
22.555137590082094,0.01848715514374868,364.0403951014817,139.63804894354323,0,SIMULATED
39.3439167964553,0.0006922374837051124,343.1959421556018,55.72121052669019,0,SIMULATED
32.89472116237456,-0.005655914982951401,427.0636190573076,141.78890380432358,1,SIMULATED
8.767093915505981,-0.0021236386124515254,238.11633669997357,189.6295369029668,0,SIMULATED
44.024894065470235,0.004462440368123322,44.993999714978216,18.311966874113782,1,SIMULATED
35.44558807961412,0.012336283993795596,499.2211630974449,65.2325284007132,1,SIMULATED
36.44257221107815,-0.019994244573387627,311.5000422482341,46.934453092318826,0,SIMULATED
10.124545307021835,-0.02083175265242544,528.0412990172362,78.65002688013334,0,SIMULATED
23.015437515822686,0.022093584308050602,104.7602372273294,148.46653097078928,0,SIMULATED
19.831920969303248,-0.008246737444094612,30.746337129359258,94.84851628507731,0,SIMULATED
42.07059955394407,-0.028336841851937484,213.66951335052835,114.14612122404925,1,SIMULATED
30.75460480322658,0.008876254187662093,376.1069119353607,62.83097761566847,0,SIMULATED
37.910464530833195,0.009267396120653738,327.3761398514045,28.257853417420108,1,SIMULATED
22.736567953093246,-0.03061430514513413,652.0359931133038,53.386729787545704,1,SIMULATED
14.089548871391075,0.004589634309272126,314.71336247040267,171.9360602483974,0,SIMULATED
27.183391480633393,0.014711661848567472,433.74412009040157,120.48339243068209,1,SIMULATED
7.552690244167013,0.007487729034125261,482.9421621049099,75.59773463944674,0,SIMULATED
38.10524687970328,0.012639629675227906,37.02848548373305,157.9811963471175,0,SIMULATED
30.266575964882595,-0.02808538196181498,421.8040339400274,12.891486490981752,1,SIMULATED
35.323509603414955,0.006620803099923912,288.96838233109355,50.77821758447713,0,SIMULATED
19.181038725194735,-0.006052395189408932,348.5984995929386,46.02063081146785,0,SIMULATED
43.82792097579613,-0.009655803174492897,98.22417082629521,197.07291243364443,0,SIMULATED
40.724844852887905,0.017411112188394532,630.6000412059433,141.21971647855204,1,SIMULATED
36.135339882950475,0.0295854902134846,755.0753156306475,123.55718727771084,1,SIMULATED
12.785548314078703,0.03588740109200718,37.36968009108801,0.9969930588945797,0,SIMULATED
23.66884014908137,0.0262961574301181,489.07075499285133,36.86200041797147,1,SIMULATED
6.752150631489151,-0.0021946836326036737,615.7983724849194,127.10825859461565,0,SIMULATED
11.171579682701914,0.007054403260526861,242.14991914691376,75.94386529633314,0,SIMULATED
32.32195812969819,0.015336457435684875,634.293356193309,184.85607673581217,1,SIMULATED
34.79048623631269,0.002423558985989239,513.236939597715,152.9448438283516,0,SIMULATED
43.7003892973684,0.0026152837582308873,744.7468531714346,89.476814560824,1,SIMULATED
18.03301432552608,0.01647506263752364,785.1837528559428,149.90299550765408,1,SIMULATED
19.818388241394757,-0.0011856529205186443,53.029968918989745,195.0808647652443,0,SIMULATED
23.782232451032318,-0.01458573872747323,367.05145360106485,92.19616494029412,0,SIMULATED
12.578854363371427,-0.008289461316717171,446.6504743110102,128.50517757770666,0,SIMULATED
10.196860213418866,0.012678207554674848,134.45972190196895,183.73292301225902,0,SIMULATED
24.02819704903735,5.9865823999114645e-05,282.30294773334214,49.73493240723465,1,SIMULATED
14.076373962035365,0.006804199537366757,790.3650092500402,177.31158273325568,0,SIMULATED
31.792559787300412,0.013401584844043798,32.65975594712773,19.50894135459653,0,SIMULATED
22.48607675489323,-0.007496829257952193,372.9561865890196,129.6896341175293,1,SIMULATED
38.3071278423135,0.015124963272596121,677.270604940193,156.56763101115686,1,SIMULATED
33.01060408008996,0.007576852069167889,272.64298492104496,122.92124385048521,1,SIMULATED
17.494665655281644,-0.024696261738229572,394.2428321490196,99.10696083050861,0,SIMULATED
38.29039205580804,0.028846095823724886,782.8756817146244,123.46941998513721,1,SIMULATED
37.190574299872075,-0.010014894875138323,390.40393245104906,30.332741755888915,0,SIMULATED
20.49913516120698,-0.03310190686370368,122.11862347426926,43.11414206604367,0,SIMULATED
16.533124157209762,-0.020900874191726048,60.34276349978503,53.979868791268395,0,SIMULATED
32.29982015899902,-0.02042090321356644,757.4249265031598,119.55586812600762,0,SIMULATED
10.590099344372392,0.0010434663731506695,227.33134235455123,88.3802147490141,0,SIMULATED
12.996328099004334,-0.005477010110924744,413.1698471203497,48.89516849716791,0,SIMULATED
5.2944907900402205,-0.006736639352811858,90.74737755017551,176.56186642891603,0,SIMULATED
36.47697510008554,0.01239403930964958,350.45099402947193,74.78436805864467,0,SIMULATED
31.594034263681287,0.006797507223854075,745.4823050150968,89.20634384597822,1,SIMULATED
33.206615145053405,0.006320957412885725,411.88213503213194,81.94021530979892,0,SIMULATED
36.22916124087872,0.008196569146573853,777.4854184058157,36.38859105535053,1,SIMULATED
23.356631021533598,0.012322693360044766,221.89179704517173,146.32540308604666,0,SIMULATED
27.74964783811575,-0.04215906683554886,413.545286969071,89.6916524537716,0,SIMULATED
10.591879925106298,-0.007288765045289224,690.4340176112737,3.2514219785436893,0,SIMULATED
9.581202941438939,-0.04360420128978948,369.63683655192017,192.8027404719594,1,SIMULATED
31.736118471618866,0.0007211985359559083,238.00015138474788,163.15272231908273,1,SIMULATED
23.8438482457253,-9.265944448690641e-05,687.2707834659477,144.71187081836067,0,SIMULATED
27.609444259247553,0.020910645495793606,324.113785720635,173.8183741037058,0,SIMULATED
35.59995429664102,0.023752687854422416,433.9641670269826,181.36145072111006,0,SIMULATED
30.388732800023632,0.004055500965047347,781.6911118038136,67.49794127688773,0,SIMULATED
27.143176026319832,-0.010007221547937997,165.45696990957384,122.19173568333972,0,SIMULATED
27.368286429816543,0.009703222250914757,255.09249664174484,121.76156184111883,0,SIMULATED
17.158003922504488,-0.01055835274648627,44.23428805447516,53.45993376211939,0,SIMULATED
6.232713382717576,-2.785302886697798e-05,325.63341372984115,44.390450289413444,0,SIMULATED
22.468695569294496,0.019722726339215357,176.14307585619045,22.781450963804417,0,SIMULATED
13.583386912781169,-0.011155426919788472,550.4272496181553,131.86283918329056,0,SIMULATED
21.341145748985447,0.016113572784850018,161.43073783736486,156.18379820615598,0,SIMULATED
39.13612293072664,0.013548027373846049,546.3539468765783,152.19059590340075,1,SIMULATED
14.35757943461363,-0.01909583634261643,225.51083398766778,63.255075436994865,0,SIMULATED
7.332109667562641,0.019477882564348018,297.06991061453584,41.051970093040445,0,SIMULATED
16.255355680879862,0.013971326907430102,292.11130859619004,90.72283569092438,0,SIMULATED
16.743750310667345,0.002038517747453149,579.0663651276153,109.36269204810212,1,SIMULATED
31.476660589075802,-0.015246469160553045,383.8772252479076,183.81742559371114,0,SIMULATED
27.281286093651133,-0.0171841203715114,301.81314110509277,174.96463085481082,0,SIMULATED
36.35592836425654,-0.010753251538060449,685.0457208507709,183.21166626036555,0,SIMULATED
31.572541613095503,0.010851889265839201,466.1214880001381,170.05247702719592,1,SIMULATED
21.255474457602823,-0.01911250334802796,186.78804059683827,192.91624088726223,1,SIMULATED
37.56081538664139,0.0087502449723974,722.0711969520725,93.09999943381149,1,SIMULATED
11.678916796308156,-0.02483511057756785,287.26723090623966,9.494699486618874,1,SIMULATED
5.908482925354419,-0.004081371688776979,50.40391447910991,16.712406429695648,0,SIMULATED
8.60191443102567,0.0021929550914801727,405.7881747000733,78.05522835446862,0,SIMULATED
33.89437402385801,0.04890260290117834,116.67168246388468,51.53741825459945,0,SIMULATED
23.475089210055494,-0.02754631311040735,206.00382609827918,33.98811827221346,0,SIMULATED
11.450871161344072,0.029440291329802668,602.7464806961806,190.6407549017297,0,SIMULATED
25.04179100413454,0.002996848279745601,121.9864144335285,39.08391768212449,1,SIMULATED
11.092484108526737,0.008223438360319264,649.4164949961478,191.8758544630462,1,SIMULATED
32.85281500310944,0.00236695826776409,750.7876847421439,152.16776806424141,1,SIMULATED
22.846251022961226,0.008894536363904661,493.0950383181969,128.1891344250447,1,SIMULATED
20.2408490438593,-0.003073702087240355,574.0801697778069,135.20379201787566,1,SIMULATED
17.06048356591506,0.029081003629149164,576.5975557277856,66.2948647318248,0,SIMULATED
30.21130372475554,-0.009129422884494448,794.390206670947,129.28540761165644,1,SIMULATED
19.472504422135618,0.022644691443584955,286.3998445172658,37.33842365625306,1,SIMULATED
8.505996772644039,-0.012887342404260458,147.02810996930793,187.5410865071959,1,SIMULATED
9.720236084820613,-0.001205036928025739,424.95044323317074,60.35866799211871,0,SIMULATED
43.47590658198058,-0.021439251045804384,435.9348516687324,51.03730245870843,0,SIMULATED
41.343227628304284,0.0091004744069504,158.7717408709927,142.2325596388315,1,SIMULATED
32.98828535242998,0.028902519138530675,498.2253468154288,131.28974361323637,1,SIMULATED
15.634798458380782,-0.0015471235964170816,31.017292111922696,90.25978366866106,0,SIMULATED
43.76705509390896,-0.003937713974078191,743.5813539142928,126.48924693815727,0,SIMULATED
36.150036158631785,-0.022292339261358537,226.36793670058407,31.89861435217123,0,SIMULATED
33.67560756635982,-0.004585853071046162,50.856962544349614,134.665661480391,0,SIMULATED
22.974460085751545,-0.031855885194430555,104.4345643503885,54.12213903903877,0,SIMULATED
15.88966247380636,-0.018257559734376545,207.39417965812055,54.567195335291466,0,SIMULATED
8.855638486139972,0.004535720922182709,233.64681151271526,32.435986988756916,0,SIMULATED
41.10409586175366,0.026380263954827923,45.591799608228364,66.47542700723292,0,SIMULATED
23.231051593344443,0.05618421722459006,237.89675351110873,66.25021206226562,0,SIMULATED
13.094534591809213,-0.011731701701418015,170.49455446491606,90.83580234045385,0,SIMULATED
17.2382649660261,0.0287060031329088,315.3243233989245,38.0839009332699,0,SIMULATED
28.16878275767584,0.004875049608032958,320.430835137656,38.60150723175326,0,SIMULATED
12.07091131756927,-0.0030249529349275174,284.4260376702457,108.34771433264567,0,SIMULATED
39.26457136369502,0.008651889034523044,275.7806291539491,25.77548093409503,0,SIMULATED
35.340781193408404,0.0012383296735991836,89.99039663817595,137.77940159776702,1,SIMULATED
33.77851823803747,0.0022079145122443707,39.65985875840649,188.78942517251932,0,SIMULATED
22.28372159100415,-0.008166663256533384,177.64915412204394,85.35912433287565,0,SIMULATED
30.092353628097726,-0.027962193195977016,610.18655338496,180.22106263013535,1,SIMULATED
28.363918756509424,-0.030872504050441632,792.8316171298752,19.663318225172887,1,SIMULATED
30.9938640621928,0.01306489766562454,744.2504165447167,8.591525475128915,0,SIMULATED
8.377772845595564,-0.005534001801714268,413.29109731945954,144.273775502768,0,SIMULATED
21.632296086824386,-0.011921777993123333,434.8226075067887,152.2043145962993,0,SIMULATED
6.664566954475699,0.00017011253446307133,265.3736238479572,168.61164819315027,0,SIMULATED
24.759632769780758,0.015898645058312552,623.6727621373718,11.363535679996284,0,SIMULATED
18.194448493311413,0.0036072788605279638,616.510216587466,155.3814109913661,0,SIMULATED
10.780967554641876,-0.013121098732819348,678.5324389143068,75.30774655931636,0,SIMULATED
9.136118708902066,0.024525859112978995,718.4935702135698,60.66752653643972,0,SIMULATED
28.50578288710848,0.03158371005963264,358.7924136157307,34.60478426865939,0,SIMULATED
11.823718741475444,0.009891133106457067,618.1629431236141,199.2031510205054,1,SIMULATED
42.004804735071886,0.019473270226881802,648.9910084607853,12.732717863772724,1,SIMULATED
28.242445588015798,0.024839199936276223,260.5985055482451,165.40160292159987,1,SIMULATED
18.87479218139348,0.022601986328090275,744.808950324797,127.8988870981055,0,SIMULATED
28.63661965925667,0.012281983542252474,93.58637205893126,147.01608885237343,1,SIMULATED
5.9121548411879,0.011966940941497656,795.5299597473606,142.34342398435928,1,SIMULATED
43.34236852965781,0.010393211466930053,620.6707601639182,171.68689701463651,1,SIMULATED
24.29213747771601,-0.02194675349094087,92.75130615297525,36.75841397122166,0,SIMULATED
36.30940909001145,0.014014463137191716,531.8591255219005,0.16492336693707532,1,SIMULATED
8.309199996897544,-0.02711627942253108,46.65994052404292,119.70569780865323,0,SIMULATED
24.466333233526413,-0.0158919891025011,620.7458205664626,70.77172786466679,1,SIMULATED
24.628279774180836,0.02607130135616175,643.3938788940632,24.75746622342754,1,SIMULATED
42.51305819899932,0.01680440325388395,489.8799974113292,37.227750820847774,0,SIMULATED
27.869122095043014,0.029747965793717253,688.351105694925,66.34986249184458,0,SIMULATED
23.93957604227815,-0.005433487673745845,96.34895856759057,14.046674177340645,0,SIMULATED
15.679026523675743,-0.02304497682553535,235.2205967918343,11.382640425690171,0,SIMULATED
18.26275989370209,-0.004808743941406857,343.058466842283,183.20525096648882,0,SIMULATED
25.82689609886151,0.002040625944811484,53.11720320591666,62.42054987073924,0,SIMULATED
22.556458412201867,0.0015797743268001938,369.6085483055096,196.446139494717,0,SIMULATED
5.864483195213217,0.02267360957513403,226.86649576780147,192.87340166607999,0,SIMULATED
38.05167696777431,-0.007225408500068911,326.3333094393673,28.51425646542276,0,SIMULATED
40.84643087359067,0.007040689436058485,351.58005295399903,142.9848605792382,0,SIMULATED
10.60996355994443,-0.019772542988692122,705.9411521203943,120.16097782541384,0,SIMULATED
27.161445741561977,0.00900634556087626,230.86595701155846,138.12941462103072,1,SIMULATED
9.343029645417742,6.21710037127349e-05,717.1196403986922,19.238200002894956,0,SIMULATED
31.88960372159247,-0.014996266765690349,352.2573525540224,37.71201572691161,0,SIMULATED
16.249351353560332,-0.004716587243497056,275.6900221413091,15.3277322901763,0,SIMULATED
31.37690538767607,-0.003683514930304433,411.9593984814139,120.82684104341423,0,SIMULATED
34.0797845714753,-0.005403102586741924,345.8397633630149,197.31821516981822,0,SIMULATED
35.74589967670628,0.03542682484535367,220.75040418301393,134.39690753158828,0,SIMULATED
9.309637838235862,-0.001968920046157593,412.0898733409322,142.15230700438593,1,SIMULATED
41.640473805504314,-0.004877922203546755,138.4053518014884,196.91700830865622,1,SIMULATED
14.208559635795233,-0.04194901915220283,294.50535555791356,135.60231083435923,0,SIMULATED
6.496502247047191,-0.017884147039589546,461.31637111179066,8.036314525694067,0,SIMULATED
27.194098775659334,-0.005261468489127057,342.45843062408966,173.40112017131952,1,SIMULATED
19.83689135449755,-0.013717053523532856,662.6516416196213,72.93565807575926,0,SIMULATED
38.191589725296524,0.02763415186755594,220.24297399742966,0.8727243029430731,0,SIMULATED
37.330058882572075,-0.0032987555079243727,776.4218314881879,101.44683551216411,0,SIMULATED
17.685555712908613,0.025768884986365048,632.083176264054,187.40300017525274,0,SIMULATED
43.1159758027898,0.0012340926810073605,774.7225602780284,51.46613743899664,1,SIMULATED
16.636713525604744,0.0007445567284315327,673.7465127676372,98.30263461056799,1,SIMULATED
25.602285169268583,-0.001775928954250019,130.84106216428128,34.75537755647815,0,SIMULATED
15.23860362270411,7.592503242918265e-05,430.63887069531074,11.53853433328802,0,SIMULATED
42.44174280195853,0.03437590006099719,152.58324653271285,16.108989342622635,0,SIMULATED
11.584312703280727,-0.046392214535024366,658.2173350492607,145.4021811922711,1,SIMULATED
6.7964247756931595,-0.040030914888773576,475.6464763629708,172.8148941484298,0,SIMULATED
22.403882400121518,-0.010863416621122278,225.49046519838652,28.65976785049822,0,SIMULATED
44.69502256223348,0.0002905576387513777,745.0871981655937,57.66371356209375,1,SIMULATED
40.667090650196556,0.013802088495280248,109.84512158512334,39.005893528965466,0,SIMULATED
34.94432077827797,0.009461743960549504,459.8126747076249,5.3711553852855864,0,SIMULATED
40.631699635141,-0.007684918257611404,582.4116326400458,110.68627397739672,1,SIMULATED
40.73786558791453,0.02038087386483525,65.90185911929679,139.98443402752952,0,SIMULATED
25.75433441545796,0.020603908063054618,486.32770590083885,129.5754961770141,0,SIMULATED
17.63716207323172,0.0036811566254313106,656.4029480612135,77.61070946044953,1,SIMULATED
35.88049728443952,0.019253151449736824,72.67130524608163,111.00204918798107,0,SIMULATED
31.466450526710442,0.005452905268642576,419.54951746316914,18.819861327244936,1,SIMULATED
19.946309154948402,-0.011229660535657673,221.6745989560172,30.86074374453689,0,SIMULATED
8.77866672246061,0.013956336780000094,537.0810721987982,186.35892391059667,1,SIMULATED
34.87158445396104,0.002212262451573554,112.56834632149904,152.30154956397936,1,SIMULATED
15.498420636914588,2.6796935089738584e-05,750.9001159229954,184.54781916503347,1,SIMULATED
42.47252602135117,0.029459071443791486,717.8882937374908,183.33605689987345,1,SIMULATED
14.63882300022739,-0.049017442570801734,165.06004750305317,129.87852342154812,0,SIMULATED
9.910317296459441,-0.028353683403191395,272.1473898047816,185.64772962243302,0,SIMULATED
38.24450688499625,-0.023741408527487403,478.3552802293736,83.34082061649264,1,SIMULATED
11.13137266497976,-0.0072652129513761125,580.0886225747154,0.7232489569881873,0,SIMULATED
12.170732326309563,-0.005092163395320603,365.2716918250014,12.514223169231876,0,SIMULATED
28.97531166083374,-0.03014651295546095,141.90723112956056,21.897465140163042,1,SIMULATED
39.98248163349858,-0.019703160646216526,101.23816516623984,19.070690636572053,1,SIMULATED
12.85738662858293,-0.017216833570471404,799.8169627931883,70.34047817005269,0,SIMULATED
17.41294691600379,0.049148481841517835,375.17465472592005,140.25416142187152,0,SIMULATED
36.0961935296471,0.03603483895494293,700.5747643358286,158.129761320099,0,SIMULATED
43.873057042438695,-0.008234988353692987,396.2532836107093,118.04265486892493,1,SIMULATED
25.02964744809369,-0.007271665806135978,739.4389580658825,29.28723491139591,0,SIMULATED
10.755900102050031,-0.022984079943765882,88.45231856180946,149.58032042963504,0,SIMULATED
5.557451508328062,-0.038162608264505335,108.93496924094975,70.96038382751979,0,SIMULATED
14.18624119995421,-0.0023376037281704807,745.1131064248949,2.598669734359249,0,SIMULATED
10.27288871146084,-0.019957039664880515,759.0445751349323,56.11772410654987,1,SIMULATED
32.1063469445143,-0.0016970106332401954,265.4796090229834,66.12011082819558,0,SIMULATED
9.873300185141245,-0.03200411698086955,297.02861185522005,54.849107043620585,0,SIMULATED
25.25319726482532,-0.015239489166205156,372.91118317111125,162.3740306375171,0,SIMULATED
32.77049742571546,0.0029725419060566173,344.60611045248686,151.98527951881806,1,SIMULATED
28.244664368836094,0.007324191955678749,168.2352684484854,139.1104060825283,0,SIMULATED
12.991026066402306,0.008349439174840292,720.7327994727121,27.801015702453057,0,SIMULATED
37.16498104729051,-0.026409779683140747,217.57992855040212,161.5667819412564,0,SIMULATED
33.61628518463207,0.017093714602711235,570.1124793925683,135.43519233266474,0,SIMULATED
34.55936015662167,-0.016004233932037006,72.38142863327884,38.96753729627838,0,SIMULATED
10.24231006229253,0.012657158292146128,50.22603859217499,129.6187860563033,1,SIMULATED
9.950152146013785,-0.00021277353236386296,529.9097686099981,96.7023282007362,0,SIMULATED
42.102502040260305,-0.02752774998155896,284.4323689071431,87.87001237124501,0,SIMULATED
20.903127752997626,-0.0063239540916237595,531.258326321601,22.424632694477765,0,SIMULATED
17.03794767123759,0.007307274841275352,93.33653769168768,103.66085516903307,0,SIMULATED
24.543361814061335,0.012259307609491982,760.8840763343734,19.986361794472728,1,SIMULATED
31.5145685105433,-0.0028197579488883724,603.8412841766144,32.850677450853325,1,SIMULATED
43.2249302818788,0.030635577812021055,703.4884417601234,26.509262854952542,0,SIMULATED
16.4578490752822,0.02015021541973118,126.44703215471851,190.82165581400153,1,SIMULATED
41.992337172481086,-0.005133082327995057,269.72555573643814,56.972938088778015,0,SIMULATED
5.994379655450253,0.01500243624273889,307.3084480809484,71.04086471920155,0,SIMULATED
27.207921693072986,0.038675869703763736,438.99466569491847,64.41612125920722,1,SIMULATED
30.359004467243405,0.03920969201566054,251.55741869578316,179.65008903562875,0,SIMULATED
9.235896150030133,-0.02455999761644995,67.291978907736,112.59318226697769,0,SIMULATED
10.613583882556505,-0.018530662223143014,307.72513697522714,183.83197978666234,0,SIMULATED
21.76457277265215,0.02969837573467702,218.54846540928008,59.98498116557911,1,SIMULATED
43.64927648572727,-0.021165621016752744,321.0186073413076,22.96693488638979,1,SIMULATED
28.841702129374912,-0.02645082266583358,173.62844324362047,111.24369054483492,0,SIMULATED
42.32092886400845,-0.009723882613980937,224.27917216049366,69.10739835800351,0,SIMULATED
37.17443662451883,0.008404534189491716,509.02282553716964,160.38136669814966,0,SIMULATED
23.69526406221166,-0.0020479341322219274,322.7599909708908,175.8846817823317,1,SIMULATED
36.3905379700875,-0.013011272408111842,289.39904667220384,94.51470218141435,1,SIMULATED
5.713471359079509,-0.013484249234490181,436.44639352345087,194.27180481710167,1,SIMULATED
9.365759870629397,-0.014246741288254174,622.0512218582621,110.60260126888117,1,SIMULATED
38.17714459530946,-0.017590192573178853,315.51700595140665,54.18407867726249,0,SIMULATED
36.872683533006466,0.04563265754552123,478.26520419355563,97.7951030688549,0,SIMULATED
14.305629678657347,0.005950221423711099,773.6380477871775,7.462058480585521,1,SIMULATED
26.23078362396214,0.01773518108809477,427.14448901207953,160.80023205261352,0,SIMULATED
29.240632828000436,-0.009781549362378475,729.6421096836847,20.28701017088419,0,SIMULATED
39.70955815104045,-0.0037191335437209774,639.064646920013,61.74969770060099,1,SIMULATED
29.124286293549027,-0.0142710796274071,65.80057168711677,113.06330940098867,0,SIMULATED
21.502862770947214,-0.05303416669838404,354.69711974602035,8.595025129379774,0,SIMULATED
19.96736173628731,-0.027560185536957327,564.6883581374988,15.86337983628965,0,SIMULATED
22.035283454940394,-0.0362123735996079,789.6352917095959,139.22327152260257,1,SIMULATED
31.077241023198965,-0.04499567555903215,377.5335071059798,14.355418612153748,1,SIMULATED
39.699625270092994,-0.023907179485962056,92.37265421885677,95.4165732494753,1,SIMULATED
23.15587528305199,0.026499113587632617,458.3671562760369,67.73912668415008,0,SIMULATED
14.913582518054325,-0.0008887233540870884,118.71975785668903,45.61588159128329,0,SIMULATED
14.466494519903247,0.025811275246423484,606.1852570179268,37.75577957273308,0,SIMULATED
34.84057120973786,0.008219651538017507,415.9880580201867,152.68225874651588,0,SIMULATED
37.662750536956416,0.015651176514303186,584.2764673342834,190.30843863005651,1,SIMULATED
9.211123194164998,-0.018017939906091504,698.1022249652485,28.035948440666346,0,SIMULATED
7.662354278207126,0.010479019083853416,510.5794533869662,191.9362438348254,0,SIMULATED
28.777346550258073,0.014574284681486917,497.70267681748163,118.95250069502075,0,SIMULATED
10.84692976770793,-0.01153294584467386,608.5648304429124,128.33208107265142,1,SIMULATED
37.98656761825365,0.011190807412323327,677.1149011330806,141.98527562851638,1,SIMULATED
17.413386956962977,0.011323755171496658,697.8619532960621,140.8237780709162,0,SIMULATED
10.754877318845706,-0.010991052422601658,48.415552632648975,163.96222163713765,1,SIMULATED
41.83881889949801,-0.0224553686454199,453.82843150227563,96.69373026953949,1,SIMULATED
11.621268909411127,-0.023682566637965446,188.69006164209011,106.67171750294023,0,SIMULATED
16.388803293517423,0.0017301108384292357,691.069794809791,64.76540049268318,1,SIMULATED
11.144535807682345,0.006540197375786296,525.7501944586218,21.05151875662341,0,SIMULATED
9.6196025466142,-0.01585051660915829,347.77353364530177,132.92803818524382,0,SIMULATED
5.845920653457601,0.0005317068265219728,166.72129793465402,6.721993837250184,1,SIMULATED
7.2158163665704045,0.011410740722769708,284.43842821746466,55.12701021667365,0,SIMULATED
11.985658837434109,0.012363814293306017,568.9466017413752,18.845972889220054,1,SIMULATED
7.1352773050870155,0.031037602402449772,179.40044526507825,38.14543146454361,0,SIMULATED
28.64575264443885,0.02553961664396087,92.99469736393074,127.74618257947617,0,SIMULATED
32.22858107198026,-0.020025828655130883,712.6624314174898,125.69532604098363,1,SIMULATED
20.74521827328113,0.03367172419076045,616.0840726724911,84.21098259914241,0,SIMULATED
17.719643878081975,-0.010619530091114295,175.84004591334343,18.034395297898232,0,SIMULATED
25.181049480889204,0.02089745624908855,248.0030038753935,86.67478329188168,0,SIMULATED
40.00019768938434,0.001359732521021777,778.2147381620908,70.54897437165867,0,SIMULATED
39.04526507288824,-0.008242987569139352,572.3838996721115,144.09183057118994,1,SIMULATED
6.739002480511678,-0.036153937195498656,496.2071632867833,115.80532163981034,0,SIMULATED
12.259936383860964,-0.003431290204326964,259.95021863082167,98.3131534673998,0,SIMULATED
14.46979484417584,-0.03118766470611218,253.31761244988735,97.39641646099903,0,SIMULATED
14.975503033288472,0.019345984716855447,50.828422578379765,193.25937745208378,1,SIMULATED
27.84930606971091,0.03033585314278496,588.2158561835065,151.2588443406901,1,SIMULATED
21.650497028127692,-0.015938219785933804,53.676675544369935,99.39591209202557,0,SIMULATED
6.9701647971037595,0.0060394148503854226,23.78872346627765,95.84452257779552,0,SIMULATED
19.944565538382864,-0.014507830440159509,589.0061685315637,5.29582026099269,1,SIMULATED
25.95011794870549,-0.012569694602735793,760.1215305763178,188.50185266396133,1,SIMULATED
9.066876116148638,0.015489894077307427,610.0723772273021,63.83479435346593,0,SIMULATED
38.33834215154239,-0.0007707652368682502,387.87934868701535,51.18781637614875,0,SIMULATED
7.07847465860417,0.034792960838620234,399.11529465748094,199.88178507753426,0,SIMULATED
41.993674760722485,-0.00964464957405842,360.18640966630215,143.7379343009049,1,SIMULATED
8.964525663195019,0.019986726649489785,273.22206034606023,9.472754659857596,0,SIMULATED
38.74299806391011,0.0019482682591556396,426.93708706495534,12.377095405115291,0,SIMULATED
41.106125757104685,0.015915560194884663,356.29774657006976,5.100312792039574,1,SIMULATED
44.182827223463704,-0.008943153146598935,486.57094643180426,119.92377990257381,1,SIMULATED
37.08103521094374,-0.0009911767510316543,720.5336627908537,14.312900012390362,1,SIMULATED
36.179101630853154,-0.002309977585978695,796.107345512572,186.67767136898613,1,SIMULATED
30.699331039821907,-0.016721142296915743,81.41976610867536,187.38130800453558,0,SIMULATED
36.15985418312516,0.013241630691635054,320.0531086758463,109.21081334961596,1,SIMULATED
10.382088336525882,0.013004980111567284,160.95083269811138,123.32778627919016,0,SIMULATED
26.44272143790549,0.011871093898111335,294.6539696619163,58.37888030504996,1,SIMULATED
25.56891480761658,0.030739313078352894,244.22895446776994,12.794508481654665,0,SIMULATED
39.3028857649023,0.02898689602472607,156.13896266889486,147.4920890383631,0,SIMULATED
23.511974623740635,-0.007498893796982708,615.9793216686065,20.35719774980349,0,SIMULATED
20.40357984401414,0.007461046368683565,407.10521940680394,17.111528203678628,0,SIMULATED
30.582530849484403,-0.012472013785164254,737.011554129436,62.24462184084476,1,SIMULATED
15.658532700033842,0.0004671063222911091,45.422105732671305,2.493131967576412,0,SIMULATED
10.590736438158274,-0.011994988982377296,72.24285024295214,86.8071231512632,0,SIMULATED
24.115090960949832,0.03240140618272102,334.5533946856684,141.53618201601535,1,SIMULATED
21.6755747437954,0.007273963006859257,82.61630991514896,160.2697862843878,0,SIMULATED
14.302797621154948,-0.004360582562088443,224.92908520357014,120.86146075978425,0,SIMULATED
19.700472404605122,0.02387237143712754,789.1031995997664,169.37484062278253,1,SIMULATED
19.6556979930499,-0.04341230819590823,182.98849383799896,81.30044075342207,1,SIMULATED
18.09982257650182,-0.0402820518973058,174.53183830143075,169.75441701209533,0,SIMULATED
20.17856318907716,0.01591677310439548,467.4397216606531,101.29466209967586,0,SIMULATED
32.429733818237814,0.0012093689623473612,408.4386668186622,44.60722559965906,0,SIMULATED
16.875058982851414,0.005008926005215213,472.74187181821895,188.8291293320932,0,SIMULATED
42.95431706861362,-0.026527922066370974,313.8535170026664,54.994174767423296,1,SIMULATED
41.65392078152712,-0.00046467421700732405,664.8746407180587,5.240296837558622,1,SIMULATED
24.236417132003144,0.04007018820802684,128.09283012512103,48.53480859100539,0,SIMULATED
18.134448200187553,0.016483992395917257,354.1462637563432,73.33751225148555,0,SIMULATED
26.417391593200126,0.0033941309028562424,558.0142417863879,70.26993665785281,0,SIMULATED
38.94241955094498,-0.008781078202098754,697.2244234206618,104.93350188871433,1,SIMULATED
31.10349362240408,-0.007891457037387877,308.265852958271,176.6253764071847,0,SIMULATED
37.17567311788309,-0.042583957784000356,462.8415672931272,58.46764542193983,1,SIMULATED
26.308891042629607,0.005152808418423212,73.92915710566398,104.15412159183377,0,SIMULATED
30.31670517070483,0.016909662169637078,152.84888872722658,68.02779073769587,0,SIMULATED
16.52622456729847,-0.031512386543412305,73.92776672356929,164.35461187464009,1,SIMULATED
34.39572649241163,-0.01322833784613632,587.7470957588471,31.520302657695677,0,SIMULATED
13.096183725028734,-0.023149292644668442,244.68677560326972,20.7020536620117,0,SIMULATED
32.79192515273993,-0.019307023896175272,584.5213263496335,100.59905064752034,1,SIMULATED
39.42876273303576,0.0010696325364380043,71.79065765375415,134.37751715309838,0,SIMULATED
10.284113492061756,-0.041688043099769485,692.7872843184939,159.1050402181533,0,SIMULATED
29.57518962167679,0.012285408767141279,671.7135545266515,117.92497058106328,1,SIMULATED
8.803829929197384,0.015077101398673645,89.36441957922047,154.76995226380012,0,SIMULATED
34.02862513085707,-0.00502205176073825,38.53007503660549,78.54201171218476,1,SIMULATED
8.37972875294081,-0.04961417019969083,63.90527412595312,6.573534053293795,0,SIMULATED
42.43759290802504,-0.019928372520047793,685.8315350544525,23.219861580311306,0,SIMULATED
10.496317201512086,0.02465803868205393,203.06872146047868,7.744520245799236,0,SIMULATED
43.355209836363215,-0.05555988561457145,447.6531879293872,65.78873009529853,1,SIMULATED
37.035367043403866,-0.006950468243870384,352.4704784804442,99.09826825373646,0,SIMULATED
28.747280178654165,-0.02360001556934518,640.5099104583096,71.26349673138787,1,SIMULATED
36.30496418518187,0.01609140603169673,401.3406751471231,112.11989501327844,0,SIMULATED
36.804593559323436,-0.013502279042869228,410.5154557157904,96.12182969855753,0,SIMULATED
42.84108251269321,0.00807908041471223,791.4917128099238,135.58856037278807,1,SIMULATED
15.135334153567488,0.011309208383381862,137.10105426442053,133.39243271268123,0,SIMULATED
28.603035814332365,0.0367245167946004,667.9490722218264,63.612829421735896,1,SIMULATED
8.801967902576049,-0.004058838873507405,60.364801571030135,69.2428910722183,0,SIMULATED
29.646628000964853,0.007520887392452227,392.5660402669172,117.02956432826066,0,SIMULATED
11.851652163711552,-0.02970110958254872,711.3411626677583,119.28649357816836,0,SIMULATED
27.598024458897676,0.02380827126587488,538.8668931712145,62.939982727426624,1,SIMULATED
27.89722056135399,-0.015210176961427293,554.4674031055837,66.06357715508504,1,SIMULATED
23.639406119249095,-0.011215083281754912,225.38748016005871,138.8090026372294,0,SIMULATED
25.90527102052491,-0.00044495589698421474,346.4883372619343,129.48216457521391,0,SIMULATED
35.556935600263515,-0.03125768690679699,305.9332295292594,27.010160935954943,1,SIMULATED
36.96978866048266,0.00457540057857876,426.72570392323547,88.20837593507869,0,SIMULATED
24.686128623017165,0.019349325458500214,380.53778551206113,178.54121574211806,0,SIMULATED
28.98373766090449,0.0058586764699458315,274.9807144640517,7.261135220895043,0,SIMULATED
42.24944942760408,-0.0317779512835745,258.2748776495127,171.03278929684274,1,SIMULATED
9.789343540044912,-0.0024761858865931918,215.66525549099526,32.63563141282872,0,SIMULATED
9.68414263600442,0.014840578059589812,304.7368525701116,101.44972649234319,0,SIMULATED
8.508360476430736,-0.03755977531931816,136.95435278856732,84.8672857846023,0,SIMULATED
31.314531401621114,-0.02149532027635428,700.2413555627876,2.0258674682917643,0,SIMULATED
21.74433203161518,0.0175308720816304,489.6531256300733,183.0793874179264,1,SIMULATED
35.97285664567373,0.005401908683945731,124.35341196320725,90.98504546686112,0,SIMULATED
31.849256532343702,0.008239431642535077,561.2102806830211,190.85365535212298,0,SIMULATED
18.345510333129525,0.037189896152466234,681.1798450384191,57.348780195843574,0,SIMULATED
40.93466189446143,0.009371055570124052,205.27782420076193,173.2551546831945,1,SIMULATED
35.501285882826096,0.013157760208663587,137.46846358306584,184.4779147991261,0,SIMULATED
15.821397636407028,0.05421491054436652,26.721460564326602,111.36648327415612,0,SIMULATED
19.56768071088216,-0.004276091161809814,56.85526430805838,40.5355575735435,0,SIMULATED
17.577599208170515,-0.015957655272369902,614.556051676739,137.049486421144,1,SIMULATED
11.304465944999986,0.008555927964942655,790.0053389925212,109.79561330589203,0,SIMULATED
10.911334901687667,0.008779820587777898,55.00665153149575,188.90593317052517,0,SIMULATED
42.445098535029764,-0.010534307838924164,603.4953480823162,87.85441236209837,1,SIMULATED
22.51616148795013,-0.02064794039109695,76.05248935594885,53.7027295279644,0,SIMULATED
20.332792911096394,0.04619688844180156,481.8636034248601,27.657400298821422,1,SIMULATED
34.187428347095114,0.006536869407760458,609.7387202940255,139.7267137373359,1,SIMULATED
27.119722610115996,-0.014645707628041514,300.17942986883537,194.82192379611644,0,SIMULATED
42.445599473538486,0.018318606045591972,28.529082466317714,5.668754114279695,1,SIMULATED
36.21205975637569,-0.00218290303122669,484.2476946578322,148.08907095562535,0,SIMULATED
24.174782564981612,-0.005057628926356626,793.1708099492216,185.38607251193332,0,SIMULATED
20.054378939233047,0.011245457438289865,220.94158981402668,14.956306845469868,0,SIMULATED
44.46526179697288,-0.025837645364633798,167.80319620602833,22.03400902122663,0,SIMULATED
33.71040944014574,0.007052544078343448,116.66219634774167,138.39141968994173,0,SIMULATED
43.04778640015365,0.03825909615463505,453.09938352204375,129.59267517915768,1,SIMULATED
9.739143088681654,0.009323553243946216,485.2271775010132,13.765483063249139,0,SIMULATED
39.021347167631305,-0.00752424207566929,637.9712529929138,166.8845504302313,0,SIMULATED
30.4829553596483,-0.01014210560856484,607.3971534239976,104.68476956897848,1,SIMULATED
9.876867133404502,-0.008206799466902188,716.182365940168,181.43947466732251,1,SIMULATED
28.530319998768828,-0.005079253560955621,648.502704706995,175.59817619854087,1,SIMULATED
32.443854604217954,-0.00755613065516544,212.86832480196668,162.50155381003316,1,SIMULATED
5.4921074355441135,0.018326228821491337,453.5843758030937,103.17977924888426,0,SIMULATED
23.17271847366986,-0.03466418206417966,251.98132809299238,50.34212834988645,0,SIMULATED
38.01598044785285,0.017240001008242682,277.2325960501719,101.1951007822265,1,SIMULATED
16.814361013763595,-0.007593730502851222,746.9166079993971,20.162275560356015,0,SIMULATED
23.341923271942044,0.007538955713907445,551.8788059523174,131.76922969468524,0,SIMULATED
22.692565082715728,-0.022539758204017275,780.1805223358625,26.795443845801525,1,SIMULATED
17.077095657699665,0.026572621336988723,345.1917786406207,102.23459250014461,0,SIMULATED
41.73767582062217,0.02491269920343746,439.2013072161017,10.876394833363555,0,SIMULATED
36.25176141726064,0.019191810515001472,399.95002753480895,59.902498054929175,0,SIMULATED
9.423536439844419,-0.030295095515870788,103.683904868507,46.41609213395756,0,SIMULATED
44.88138631350292,0.016582421421321058,204.6275557307506,124.0063085423341,0,SIMULATED
40.16800097230981,0.008097101752714178,431.5563612714961,157.35734240450174,0,SIMULATED
16.35633751456156,-0.03210542494265135,72.55195800374487,11.460590908105228,0,SIMULATED
38.47586318643753,-0.0004859476754163098,746.5403048609336,170.05673703107684,1,SIMULATED
9.256781274855314,0.007290689780665251,116.59807191582924,172.1535389909209,0,SIMULATED
44.964189218969544,0.011121505476463017,174.42498220518755,68.45381485760456,0,SIMULATED
31.627389444261475,0.0035452273389771144,616.9505546721365,131.80081319406443,1,SIMULATED
31.00500062235188,0.005824628336947594,95.6089425956647,80.5226063406899,0,SIMULATED
8.61762907936531,0.029472227845061913,722.2169177000193,30.8381764379263,1,SIMULATED
40.88133595586501,0.0245206781982136,586.0467571635778,105.73248371262207,1,SIMULATED
6.159980128178777,-0.05734109907565487,73.52426854490994,17.27193490031933,0,SIMULATED
14.633122321645882,-0.00634877109675364,559.6407078028093,175.69443107919759,0,SIMULATED
10.7208750066654,-0.003293020550879026,512.6702628936279,184.8579518819217,0,SIMULATED
36.070717627688744,-0.035041971454539425,610.7325575371365,164.32262740228072,1,SIMULATED
12.928169088515915,0.0018836611646462435,665.994324941682,112.50562415119572,0,SIMULATED
41.42552908523541,0.02497515544821013,580.3134392750609,111.519718225091,1,SIMULATED
31.250761573099606,-0.021731357191811806,477.2175103113581,196.92147532018595,0,SIMULATED
6.446508419787849,0.006728018773797446,271.5213884937866,49.58033796623658,0,SIMULATED
5.2171933651480185,-0.018316469545928755,563.8734562273447,15.189673181041496,0,SIMULATED
7.066316680575957,-0.013438240473593537,766.437836012008,112.38818472023556,0,SIMULATED
29.237007105909107,0.029547872683400703,478.26698881252196,65.75711956202066,0,SIMULATED
37.05927243437661,-0.0108511564022365,538.188997378718,64.46775456160884,1,SIMULATED
14.54211282509554,0.009244249780212493,360.9598729158446,1.4170708339896088,0,SIMULATED
38.976353716922915,-0.03742436232121974,609.774231599598,119.2478819095866,0,SIMULATED
7.289277606130415,0.0372463512278976,798.1805660241359,52.806740455122814,0,SIMULATED
37.03855414566705,0.012053048926129978,145.10367277283416,37.5717096385362,0,SIMULATED
42.11181720689122,-0.0036499968530052337,177.8761180129346,8.086386278600743,0,SIMULATED
35.88433596417522,0.011510930199997896,440.7614517582238,72.87231529512226,0,SIMULATED
32.924831359145486,-0.028196388578956205,395.47280986409345,175.79377447729146,1,SIMULATED
38.51920874621533,0.023650614835053145,465.82443191524067,67.33416151947446,0,SIMULATED
6.606051981882657,-0.006479695509928603,58.27775722493297,135.81484202391874,0,SIMULATED
13.071284428762215,-0.004081390300968694,335.33563593775017,151.30939268038145,0,SIMULATED
9.996947172225724,-0.00983311229930969,474.72304441113744,65.62016183803992,1,SIMULATED
25.181239607719462,-0.011613028054911694,476.4492540178709,164.32814700240826,0,SIMULATED
34.80752513315378,0.013893412232568172,532.7204901793314,138.3759319333898,0,SIMULATED
30.200473783055948,0.005118137002084458,581.7685026220778,111.8484457401903,1,SIMULATED
39.0452439904774,0.0130349628280608,520.4068186058681,0.19849281012578324,1,SIMULATED
11.208519697643634,-0.00017589378971142905,636.3896612037593,7.018153184561626,0,SIMULATED
34.384843677406465,0.010263996221543621,507.3132950539815,198.17316882121267,1,SIMULATED
12.721659634756165,-0.008376974878500767,439.25597677901953,156.45678470071186,0,SIMULATED
15.83035005271201,0.04459463682819097,492.8332145324925,187.5130517545894,0,SIMULATED
33.396187891252154,-0.03135860832860997,98.93082606759923,180.46064098360551,1,SIMULATED
44.208191395947274,0.025218746471259688,233.0621017659056,4.088596628550167,0,SIMULATED
29.461744239082783,0.027358149014419415,431.3718289133423,158.36945795821478,0,SIMULATED
7.180012599651824,-0.017043176119311877,700.9300280133315,90.22914880223092,0,SIMULATED
29.652358797101314,0.04458547221111947,549.6602139046346,157.91164080013112,1,SIMULATED
6.694022063206684,0.019909805658906363,90.51830120808012,1.3431568326770282,0,SIMULATED
40.36582845467269,0.01942278013645823,481.9744613466354,57.63986024011285,0,SIMULATED
33.38313140402483,0.0005604437405175338,192.95563035693718,150.26475515826044,0,SIMULATED
11.92511385690013,-0.004344523164373529,592.5329166352038,158.60415772031794,1,SIMULATED
8.668840232967923,-0.004188176540792162,665.4038649568229,123.9429202429248,1,SIMULATED
12.341329155212758,0.007810611926390344,482.8958926201792,60.25123788925275,0,SIMULATED
44.2010871821677,0.028023725500677922,481.26283560633357,62.07251825757258,0,SIMULATED
23.342425698339593,0.0036262843572283923,284.10132570443494,193.35279272840654,0,SIMULATED
36.36323793365632,-0.018228872462745807,368.07501650582134,87.8424358468409,0,SIMULATED
30.456333684311076,0.016488541247699596,694.0045159759694,89.42511004876741,0,SIMULATED
27.896525998345496,0.018423014927895845,584.1898581543821,110.4665500481399,1,SIMULATED
10.805210186601988,0.013093190568955722,425.4078545627576,81.90046737287776,0,SIMULATED
42.840978142323806,0.014909978130499654,307.22126127372934,110.53431291948283,1,SIMULATED
17.053705300588717,-0.005418562603156162,59.2961958650724,86.46708455351157,0,SIMULATED
28.120688632301686,-0.01857978334261159,131.5457730345804,165.34298392043735,1,SIMULATED
32.991037783562646,-0.017363868612815598,170.5596478407091,181.8102039596568,0,SIMULATED
30.969326209812355,-0.03270926496915716,311.2391637417663,186.42205196307233,0,SIMULATED
42.62377638782074,0.004738972230918995,756.4320447194942,112.85924116587731,1,SIMULATED
10.93755959680232,-0.0016689756645318723,414.01964798982397,88.42971149289906,0,SIMULATED
25.334109537877683,-0.008799754090594176,203.17532734220023,141.04801175836758,1,SIMULATED
21.16137562963064,-0.059112376486901395,102.48510721998097,167.6647182591813,0,SIMULATED
23.966749179304724,-0.024946349393883377,283.87830919031194,112.59644841327543,1,SIMULATED
9.768701047909785,0.022416813028063337,656.2698957298244,139.99620436445227,0,SIMULATED
10.363784394910613,-0.01329252000126262,319.0073788601962,149.9458701442496,0,SIMULATED
16.123021831250295,0.007211833553136829,622.5545286974825,135.27875534345733,0,SIMULATED
17.18818415043325,-0.027813708599505126,646.1098813789655,149.2267111458619,1,SIMULATED
22.116128547254,0.028774109647184624,106.44020036498922,41.729066511199676,0,SIMULATED
29.43950188146513,-0.0028805532010935282,494.75460704889133,99.6749094043595,0,SIMULATED
30.38516469673052,0.005800807929670704,768.0949294294663,117.65371092101743,0,SIMULATED
21.47243586342281,0.0465155958376337,333.667698424772,0.49558617140461614,0,SIMULATED
21.351324377147883,0.030328802011788076,59.73638942235738,171.19250176273638,0,SIMULATED
13.705141067878479,-0.006131312425741156,740.1760984011453,122.00490168898241,0,SIMULATED
28.53224993636033,-0.011864403697407185,709.2596996265366,25.82726633964065,0,SIMULATED
17.681636452689517,-0.006510900230390636,427.2703288230214,163.27141451516542,1,SIMULATED
6.442393371094548,0.010197964969530713,450.7574338683275,143.4113932881089,0,SIMULATED
21.736001766274416,-0.0021044826850174225,185.15806016537744,151.6599086927274,1,SIMULATED
23.965307003606814,-0.007904882900069434,659.1715893248171,78.40849237237124,0,SIMULATED
14.02371472816844,0.029343625014180846,408.9080299458586,170.84050133899842,0,SIMULATED
27.898317324884626,-0.002284197835556738,46.42468021119408,82.80551642647245,0,SIMULATED
27.630876017276837,0.045991781860746386,552.7516660302183,114.10183058911826,0,SIMULATED
33.080087244414855,0.0018148512750434604,761.3870904461107,0.12846073997474505,1,SIMULATED
30.9179392880484,0.03570636788449455,666.7373824696853,128.97462293557246,1,SIMULATED
31.097322260841263,0.007146388454212536,236.21454936422103,143.63515842558735,1,SIMULATED
17.648566072961724,0.01925921146498896,61.59356624800571,113.42187309775846,0,SIMULATED
36.49728887943815,-0.01449222103035449,753.4741017797809,99.31176340872321,1,SIMULATED
26.965775343987175,-0.017075184451748236,750.9089254061671,161.98729474234165,0,SIMULATED
22.256727807195603,0.00919411910029975,435.2839493760381,136.27454343304836,1,SIMULATED
30.040499237642283,0.019771064849306304,521.0075811037974,55.614807944004596,1,SIMULATED
19.426293378010172,0.0008051300400092573,380.82804735443045,191.81466761599717,1,SIMULATED
25.50956978427033,-0.025727866701673943,347.41698633703174,141.45343883906816,1,SIMULATED
34.46822753928881,-0.027205167325786542,113.16978002438628,197.58778578248493,1,SIMULATED
40.45611546894831,-0.028542728043724822,95.4672607216549,194.25226325377366,1,SIMULATED
41.842287891807665,-0.03535244225878762,201.53107440742622,183.78194456201797,0,SIMULATED
25.145317007323968,0.00218970718894175,672.5797821971046,151.07430824506153,0,SIMULATED
25.811004589622762,0.022500878434160505,133.74919457383038,121.88587369939347,0,SIMULATED
36.994816430553456,-0.0002683157384961754,196.82494849347435,34.43413273658484,1,SIMULATED
17.57802766976805,-0.045208295146757047,447.9189662713219,108.67028348475154,0,SIMULATED
38.495294493802746,-0.003815209206690974,187.80235010105403,153.07530447886546,0,SIMULATED
24.765665860696938,-0.003255979932652142,147.30121407987394,104.17143174111357,0,SIMULATED
9.634268973410736,0.04191997500450879,459.38666852441054,173.64782568113156,0,SIMULATED
7.882365882917748,-0.029142758258391126,307.1127513773601,21.931179838339652,0,SIMULATED
38.679728441578526,-0.007813552051983915,508.40424295556596,76.18806960972681,0,SIMULATED
7.222716676275116,0.03411705361089128,731.5201655187675,101.19288371873145,1,SIMULATED
16.224457445346236,0.008999566826930962,137.77464251935277,86.46505917382161,0,SIMULATED
18.365201620061832,0.011266261470328495,732.4782546541899,21.717309564310618,1,SIMULATED
11.919777807663753,0.0022916887404775643,723.9421745898766,30.705658808926106,1,SIMULATED
17.55573479207957,0.0065988707731452914,666.6883150020042,167.52345857109742,0,SIMULATED
34.707702669003424,0.015552190605570719,512.4030154987464,96.8768518402902,1,SIMULATED
5.587313742402831,-0.01618972637785533,503.714392823127,9.744485350545528,0,SIMULATED
38.08693698082746,0.017561171578163996,518.5858747504712,3.298251795529983,0,SIMULATED
39.26192094298233,-0.027460060337710784,558.5865299498943,94.69508039886531,1,SIMULATED
19.89046292766193,0.006567359456630763,32.85611646500247,32.875745184888736,0,SIMULATED
11.144515962425391,0.003574819265726543,767.3122117453067,141.02518919984436,0,SIMULATED
29.033616317803236,-0.012325861763842158,476.7709339431522,159.06469250555025,0,SIMULATED
9.786902234595773,-0.0004537055065129347,629.5433547338889,45.65934169142112,0,SIMULATED
19.5967744431301,-0.012450803053311062,314.2798344678632,118.43538897635615,0,SIMULATED
43.337167236038894,-0.021434026537234887,29.669826854320846,30.8889286970772,0,SIMULATED
44.81857890334548,-0.0070722948322728876,417.5930347036263,60.7165303188774,1,SIMULATED
35.88419565418342,-0.02207977270743323,415.60829306642455,177.75909883628665,1,SIMULATED
17.43846039683065,0.006455949281864963,360.8516448829324,108.81961829646217,0,SIMULATED
32.5066019666437,-0.02300170988304727,284.9793022464199,177.17773902884002,0,SIMULATED
33.216254619360505,0.014239540459821027,214.8643484915832,45.04956083590139,0,SIMULATED
20.51366780654599,-0.0236295813585764,431.4850021078026,66.00486864973321,0,SIMULATED
30.635545383446377,-0.011325898311620126,312.7169489609254,94.19042769136341,1,SIMULATED
5.42910579902705,-0.01249206816430358,776.5468687788508,96.01601503890858,1,SIMULATED
13.362306344089658,0.02650293457749678,154.88330005820652,199.52959343674007,1,SIMULATED
26.003532118690448,0.006605798912331837,269.33914274912786,22.88906379422602,0,SIMULATED
11.550052170331835,-0.004234676050887885,249.2891673211654,170.39300712031815,0,SIMULATED
11.636274715061345,0.009974388821394467,443.78115746404643,172.73640788437405,0,SIMULATED
38.452171622009516,-0.04214384694659376,409.43860043983534,110.63972630755747,1,SIMULATED
44.56532010734422,-0.0008626717928181489,522.1175630309331,68.80743365183075,1,SIMULATED
27.238777121137936,0.039950283556095256,761.0013810478821,103.84522085765924,1,SIMULATED
38.56278923526854,0.0026469301280534516,242.47244668521657,58.49354096131276,1,SIMULATED
44.6128665730509,0.00135826338338671,560.3618240188973,159.8214896879879,0,SIMULATED
10.663835542750988,0.010962567592843921,39.53135834404322,99.65583174206603,0,SIMULATED
22.929824530174045,0.017912104866286912,224.66300873222713,185.1684357754901,1,SIMULATED
20.702908633676795,-0.03994933385779719,381.7013878373424,124.53826887120876,0,SIMULATED
8.2019713458474,-0.033646529635820537,44.17593501528488,102.86386662293667,0,SIMULATED
35.213206911789776,0.004205825821722931,501.78217923183837,142.21387079553045,1,SIMULATED
22.35116109290372,-0.014297531237950195,549.0822745533324,100.78659288604686,0,SIMULATED
23.77307736761605,0.026240505244398284,602.4507375736764,180.90127008388944,1,SIMULATED
11.026918952529607,-0.006303487797704478,422.9281137775496,36.88919217736826,0,SIMULATED
12.237066089234725,-0.038690614714262356,491.0768386833288,194.66973674918114,1,SIMULATED
41.2841448862486,-0.02536027833687994,328.93089599722003,162.4381103702384,1,SIMULATED
6.785963558971155,-0.05499352039261151,52.17736535511878,172.1466723729739,0,SIMULATED
14.31409139774825,-0.004682510745658251,97.96244750412018,96.58156647421423,0,SIMULATED
16.682373212581133,-0.0037676825452876675,530.896820877142,167.4403098675195,1,SIMULATED
24.607901696063458,-0.008489254195637955,796.5331336769054,61.35481671544103,0,SIMULATED
28.457806920591835,0.021577580780594775,32.32652654737102,152.38963571283503,1,SIMULATED
24.731599034026665,0.02397039673033387,454.91512752457857,28.09003167780453,0,SIMULATED
8.36461338227528,-0.0034077684671222244,605.7868272483952,61.41038319250174,0,SIMULATED
14.746698162228542,-0.04269387334953712,664.8843658508254,89.14653267194656,0,SIMULATED
38.74353539050165,0.01234563160984517,445.2598229536593,64.46394362868438,1,SIMULATED
30.503548019138364,0.01110720457017151,503.534464543602,77.40342312483672,1,SIMULATED
30.965962005370976,0.0061878314031389,563.4454573141517,164.0209489567396,1,SIMULATED
31.8081302140542,0.019629594986162315,689.9936747608758,51.335178428433515,0,SIMULATED
35.51612076158116,-0.0232965619292208,115.38583901819855,149.05623443091446,1,SIMULATED
7.324339268857893,0.04017510772370278,742.4221130943935,14.74241382233037,0,SIMULATED
19.664335397304495,-0.01918855506283736,40.2935747702246,153.14782150301215,0,SIMULATED
26.581097410467148,0.014984458544017093,672.2358057470648,158.4046485659546,0,SIMULATED
18.53825933189304,-0.03374695388826703,79.85753271656387,80.3397551004964,1,SIMULATED
38.77915493148746,-0.018605293745401017,171.81000505183937,144.4955646334941,0,SIMULATED
24.302900343491757,0.030327372934506724,23.037434177283437,183.02768074901982,0,SIMULATED
35.745103578375165,-0.005217996460016998,367.30023031811174,160.14259471090537,0,SIMULATED
39.08062067524676,0.01679845210265596,280.80019683956596,78.08930207939197,1,SIMULATED
25.191659316139923,0.004739107774384922,149.47447095988133,96.84270285601289,0,SIMULATED
41.38208975485399,-0.0020991631200034536,371.8503254270469,155.8715089571611,0,SIMULATED
28.484957621479225,0.027277006498653795,333.8492888743034,58.51891796982471,0,SIMULATED
39.01097195334887,-0.004733176493038007,618.7756055050183,160.7765480617747,1,SIMULATED
18.623631823660972,-0.03561476215126941,716.6416387346253,65.61422851218823,0,SIMULATED
24.952678341259407,-0.016064801839034103,529.0024563783238,161.19811647710762,0,SIMULATED
26.25644164018311,0.011023834574033884,117.04010320668863,17.36008867014467,0,SIMULATED
9.199188635842823,0.007910182127250164,250.4048198736835,8.879459382118027,0,SIMULATED
20.942100268061626,-0.031341165004708765,732.3882715291783,199.53508947396446,1,SIMULATED
41.69350690206704,-0.01448685038816402,89.21290454615354,173.89142464693782,0,SIMULATED
30.233289614589694,-0.011634426984044932,337.34755472484466,176.56950069324077,1,SIMULATED
12.1002632974787,-0.007309391882284501,755.1536030021153,190.2559895213235,1,SIMULATED
18.5542254243842,-0.02751827177203103,761.5185763461989,87.66326188289757,0,SIMULATED
12.664120386507992,-0.012567422162389572,340.7384780981361,57.36711093603044,0,SIMULATED
5.992925271942902,-0.01457220970519055,540.569572717062,26.004999003580597,0,SIMULATED
42.09841834016107,0.015430665195238388,376.2615667161192,100.24182670769291,0,SIMULATED
22.92829313027486,0.016182426219804875,607.6992207603465,44.00966409532157,0,SIMULATED
17.301402896831448,-0.0029162091617763197,44.63343794053884,187.11017134786394,1,SIMULATED
28.939087662309465,-0.00784079591741463,132.4425761586596,0.8006324885558191,0,SIMULATED
5.2925782517206255,0.002798486240782268,499.07506676400743,28.639347548624315,0,SIMULATED
16.120884264032554,-0.0163315021491115,201.39076470558962,49.295170616685354,0,SIMULATED
33.1213386279557,-0.02293664164334882,539.5207934299359,39.79134231863901,1,SIMULATED
30.350790922770518,-0.01880442417851434,293.9538834198127,45.15568731594206,0,SIMULATED
44.272237901701416,-0.012696263279429134,711.5835353397007,131.20952101223568,1,SIMULATED
29.814308386321763,-0.02326947599584542,659.0223207367894,65.50241566262984,0,SIMULATED
24.10023494510931,0.003241191181257495,404.4134840536501,123.00487638067466,0,SIMULATED
35.457302527360305,0.014594313475674168,622.8581679339891,178.05158672925825,1,SIMULATED
41.133114878562125,-0.03174196601596484,231.4875512633705,120.5113531051404,0,SIMULATED
33.827837868734065,0.000502574224320667,405.52262591325285,138.9065582572763,1,SIMULATED
43.528448941975185,-0.004398715905326712,174.03600045335696,73.10065964427146,1,SIMULATED
36.28020682952709,0.006830173710736059,691.4912114463752,31.947693524541833,0,SIMULATED
39.67205753047706,-0.00025877536207176123,661.9927409233636,64.11681248998123,1,SIMULATED
9.564162847345488,-0.029071985598632617,723.676741359021,192.8565297408216,1,SIMULATED
34.29654011975151,-0.02524778597714331,704.4320453549224,124.36227689062743,0,SIMULATED
22.603547981094746,0.0005884715116994545,768.4850844064059,55.50222388680304,1,SIMULATED
27.12415209645101,0.020575618394910188,198.10226067290225,90.18305343242076,1,SIMULATED
31.16409637929427,-0.04428374742086006,746.822946820346,167.10260748619888,1,SIMULATED
43.79260466822278,0.006914531596031599,465.5462892545582,133.68871414115472,1,SIMULATED
44.383123257264984,0.023792440105752863,349.5461654561587,112.13056814583365,0,SIMULATED
16.52912981951621,-0.0030605175241242622,457.0916388549409,177.0325753267682,0,SIMULATED
34.35013989751665,0.011004049920528816,287.2298381872167,134.48791444335805,1,SIMULATED
34.99934151741074,-0.014061381617956044,245.07134542954265,128.5459461582191,0,SIMULATED
18.859714452521953,-0.0023873239855375364,208.22518362247243,37.953627442153625,0,SIMULATED
9.95479099456884,-0.03241827036616303,84.29383177655892,21.277736602481557,0,SIMULATED
6.63787841142879,-0.04688686616837748,407.3206197748062,193.02842341147982,1,SIMULATED
36.093725101167145,0.018855316024505506,712.4541070568322,119.77167402007053,1,SIMULATED
24.587989672676237,-0.019699898554488837,511.51853603402003,83.13668182928582,0,SIMULATED
44.421606779797045,-0.00911055690006861,426.36099354950335,117.80416418204351,0,SIMULATED
23.598938247746123,-0.027728845065403865,354.3024762357149,12.362392214343076,0,SIMULATED
44.11667916295361,-0.028199394061677516,382.23326852740973,164.42545478082135,1,SIMULATED
21.463040087762394,-0.0034767540018923273,183.23633110612172,43.32910711286719,0,SIMULATED
36.7472860223989,-0.014591543882712929,661.8899842106158,160.9092012635894,0,SIMULATED
8.392770892473283,0.007559419959893969,174.7387113595919,106.87568865272212,1,SIMULATED
27.218468405510556,0.009050768379591838,578.9657502473042,55.314402731380554,0,SIMULATED
37.08239147942897,0.006416992926492143,612.788308966999,6.041989648414092,0,SIMULATED
41.98806668879555,0.004772015818568874,468.3978527816327,163.16667106532114,1,SIMULATED
37.903323624697265,0.031555364098637725,693.0825724647663,35.292028293861335,0,SIMULATED
6.478829088046969,-0.02135187538089772,247.019274911507,10.36102312797469,0,SIMULATED
19.90809365226937,-0.001098697324058355,707.6614325694334,151.17554616517617,1,SIMULATED
6.947938892554051,0.022653796410391776,588.9401584874572,70.00864447459576,1,SIMULATED
9.371291644582321,0.02529079618676073,643.0248656541734,77.86680111833,1,SIMULATED
32.012225146699365,-0.02843527298689146,538.372173431305,49.41351745614379,1,SIMULATED
33.53032785246793,-0.006247108833117398,680.1475532521761,171.83569573937942,1,SIMULATED
35.948827310065056,0.02716242191734521,794.617112919756,59.465905221306414,1,SIMULATED
39.618261922226516,0.010161582103981307,347.72702652921816,42.03851395020477,0,SIMULATED
34.5772587390604,0.003905260629595455,654.8542332934649,61.84994526723122,1,SIMULATED
37.03486368426528,-0.004353693868693135,600.7722124240662,40.62991503347939,0,SIMULATED
6.95854839293117,-0.0076760185141549085,373.23872925537404,63.53104416104149,0,SIMULATED
14.381406017651944,0.005764381261806484,743.0202197913594,16.587244573634607,0,SIMULATED
29.87591093500983,-0.005047482499689667,327.6522250666239,31.70600582389167,0,SIMULATED
39.32501218499293,-0.0008515724208888836,461.06341469546527,83.41057667922958,1,SIMULATED
5.180004997586365,0.0015719741223007475,102.63503845295001,175.89337111797528,0,SIMULATED
25.58517368465399,-0.013561430569869984,196.10465137168765,11.45814934445717,0,SIMULATED
32.091495974575885,0.010642587477628767,675.7430130163333,42.53494135200613,1,SIMULATED
6.1842915651445285,0.0582848929683084,329.3111238065009,181.66913510831927,0,SIMULATED
21.054222302135518,-0.035539732786521505,327.3855897439014,178.00293483198433,0,SIMULATED
40.82539525534787,0.0064802504837995975,211.86519418868377,135.89016665918825,1,SIMULATED
31.86451235423435,-0.015203801772378112,403.4560607520144,48.09471081904759,0,SIMULATED
14.506334534423893,0.011548051550385,648.5372298534855,83.96211221115715,1,SIMULATED
39.11124518527651,0.0009311494665572185,718.2280118635169,42.24419888759301,1,SIMULATED
18.921256936380573,0.015237095480849271,74.68925699446343,25.71770182504065,0,SIMULATED
39.13378684576238,0.02351013153017559,468.36017036729004,75.9996789027783,0,SIMULATED
16.95774604475622,0.0038484223553636268,384.47322695602094,115.16432101407004,0,SIMULATED
28.61281003532596,0.022641045768283564,499.13984336783113,71.98653509296105,0,SIMULATED
20.87760270991336,-0.04688595787577355,368.8750357884499,122.16491009319395,1,SIMULATED
15.993002030202682,0.031809045958320466,330.94296026566377,59.25094707586109,0,SIMULATED
40.46230248687477,0.007501243037846802,388.0669556950017,69.17010555215806,1,SIMULATED
12.503747277579652,0.02155686711490364,473.959320430003,158.1347183289219,0,SIMULATED
8.392463649430525,-0.02439751489683043,410.7669046047859,175.66294617877162,1,SIMULATED
18.677077541826414,-0.016615397632106715,388.272671796104,64.40681630621042,0,SIMULATED
33.7055659056627,0.0029187658828954827,657.911541767303,114.30316026905525,1,SIMULATED
37.297264239051266,-0.0003407577867492603,601.605433165529,55.63245677845361,1,SIMULATED
44.94973480267059,0.005661371760199791,286.2752254613304,10.666928341485505,1,SIMULATED
16.854482280446597,0.021690303218599324,644.4501516619499,147.5714362720816,0,SIMULATED
21.317678045251288,-0.03530440630605698,685.8475218235101,34.20069664723007,0,SIMULATED
10.472851121185052,0.01947638143434618,139.7239201918686,85.14250474938343,0,SIMULATED
27.994877184921343,0.00016563819915854037,474.4923201499918,97.40909867583136,1,SIMULATED
44.903201490516686,-0.0040756372224909545,242.54335500738674,36.894316835821186,0,SIMULATED
33.03524040482634,-0.029422304687697808,596.5544111028436,18.911070132679253,0,SIMULATED
28.80851361653487,0.0100609733675373,206.25255689977294,69.60260293421412,1,SIMULATED
20.694763716871762,-0.04828215702062075,543.6947488549648,190.4571815100637,1,SIMULATED
41.61195041142219,0.012967880224774254,218.99723172495445,123.02711799768429,0,SIMULATED
24.876663845213976,-0.02984211670945984,418.69213547535566,76.2820456805805,0,SIMULATED
10.37467653252246,0.0010691582523494807,759.9442449746299,7.782164154842985,1,SIMULATED
19.61513852796534,-0.0023833767465584084,317.4198799960189,120.05465627821637,1,SIMULATED
7.686666753910676,0.023390762945877674,703.076019051302,18.451528187074516,1,SIMULATED
13.079161507551262,-0.0035731033802778034,789.8167733390378,108.50881420950526,0,SIMULATED
5.706751239996488,-0.013882771222913313,702.3836620680273,150.3901016543486,0,SIMULATED
23.131196660006538,-0.01013205391942406,149.37550318420742,84.71706965895727,0,SIMULATED
30.381610598071887,0.02545765537509327,659.3334112374272,59.88229896330488,0,SIMULATED
18.73169849515631,0.010725939383617874,45.076528178437776,9.47684676351972,0,SIMULATED
21.815270860211086,-0.0077125996304632264,326.77546928546013,4.955575032319359,0,SIMULATED
43.36837091378304,-0.004728928399290269,699.1720311879337,86.00531392910425,1,SIMULATED
35.07852486299662,-0.03134354181170894,557.2267259527374,176.66905414059357,0,SIMULATED
26.63426547779805,0.0077694840170308204,435.5375333235449,48.81255575863808,0,SIMULATED
16.38163500447301,-0.035196314153909315,322.533939564444,114.81110115636426,0,SIMULATED
40.87987195091981,0.015035929316709122,653.5916182468231,136.86116393595236,1,SIMULATED
14.40388467522638,0.002572431849825317,573.4555550796123,12.165973500272287,0,SIMULATED
18.01370922066708,0.04773903599147845,385.3561493002252,30.62007516067542,0,SIMULATED
41.36259257691794,-0.022002711074486116,716.1377830235347,66.25535868391341,0,SIMULATED
26.181682211402894,-0.0020532418208126586,199.35945389853327,134.0186348297141,1,SIMULATED
34.69271797671907,0.035965754018461256,152.9053771437274,87.80702244561938,0,SIMULATED
28.629791766550646,0.023827792805828286,521.3869361801936,146.83901364364905,0,SIMULATED
31.137568360379806,-0.013924241031597995,778.1555873073809,173.5195731146385,1,SIMULATED
16.97533166059302,0.004479348567468955,212.86012717928085,151.67445531970858,0,SIMULATED
14.654882465066517,3.9987128301744664e-05,214.74289556838465,198.44944146264982,0,SIMULATED
17.89969388674661,0.005639117347883144,128.80910141050813,150.87221374632992,0,SIMULATED
11.217662563336898,-0.013973608719696596,691.239573113433,170.4358390014901,1,SIMULATED
39.9725746116323,-0.0017864080540146905,196.59008152084058,166.47327169300019,1,SIMULATED
16.329877330004564,-0.031961047505534274,412.4792508454125,146.05315245600931,1,SIMULATED
27.459575776575385,0.002702469037361641,792.8805328417195,160.36036333117812,1,SIMULATED
36.678977005654964,0.00900041346843664,29.46990271919398,186.93664557348205,0,SIMULATED
36.35296437502854,-0.00454838825287768,454.0591505984194,95.04147570525852,1,SIMULATED
22.535450343367714,-0.032301017811695754,419.5854533098577,127.6574047825087,0,SIMULATED
24.050292343469025,0.01977063725702925,649.8089535999206,102.98794431455454,0,SIMULATED
44.78806995740099,0.007290500759856045,297.119600851166,170.2073974384146,0,SIMULATED
31.983899079160963,-0.014520301954019536,340.0662599412524,86.27192057430146,0,SIMULATED
37.58553772471531,-0.00561200893676128,150.99162486711367,163.94535422894657,0,SIMULATED
41.10215876876928,-0.03001338805563678,597.8358806759136,159.87091501142777,0,SIMULATED
36.503593449173565,-0.02050820255555809,632.0729491667556,192.3772202737181,1,SIMULATED
12.407173798142704,-0.010756226927142789,126.59739020748759,49.78413985148376,0,SIMULATED
27.486829349502887,0.024568416245603023,326.896517710891,141.92390197718245,0,SIMULATED
9.075766292581795,-0.012790067817749513,716.4658963828928,151.38389952949726,0,SIMULATED
31.116885062559938,0.012804273186575175,22.111673467113985,187.25569856093313,0,SIMULATED
43.213977127512436,-0.010766324057231595,253.0320750856532,181.3804836111062,0,SIMULATED
25.50928257200445,0.004958951217037497,452.9329823409872,114.70517234168966,1,SIMULATED
22.31889971471069,-0.0028279100428760433,280.59321053476356,115.83063717279596,0,SIMULATED
6.433710056726527,0.017461132001854868,232.19524755858214,33.45824568084588,0,SIMULATED
43.390980893168816,-0.010696226764371158,378.82923822450584,194.99254048475422,1,SIMULATED
9.120107365206351,-0.03145056500004882,161.58802432556112,51.00349254068537,0,SIMULATED
6.6431637321938775,-0.027638980627272654,433.10768794839737,144.94724369025843,0,SIMULATED
14.84266446019754,-0.010637549878855148,571.2228186243162,159.1590009610625,0,SIMULATED
7.621217356735297,-0.024981199413561056,468.7300630502317,88.24310092227621,0,SIMULATED
23.204713696470492,0.008204240313591026,92.6252780696541,42.238744005811604,0,SIMULATED
25.643512050284496,-0.009315363297161556,678.6387190491471,37.79207684393735,0,SIMULATED
17.502797961143358,0.04749213100052863,156.4827132402408,171.29920018031834,0,SIMULATED
7.038419302995442,-0.034754291902742644,616.5533604766804,102.15129734970296,1,SIMULATED
9.464014729969069,0.004072663574196025,301.2407864051633,18.02739640765334,0,SIMULATED
20.380175119597123,-0.02255906047011338,630.5538514837598,143.40389455257773,0,SIMULATED
7.421138033061445,-0.009868026807653571,180.8928646561697,50.03421056100592,0,SIMULATED
32.92758902439654,0.0028283894668108835,165.59644088243525,175.27895015017586,0,SIMULATED
13.28082166099248,-0.04650742749748574,407.68016004963613,61.91435720599505,0,SIMULATED
17.08286275134554,0.0047365223357605495,45.690091464721185,40.054166018028624,0,SIMULATED
20.7650310871239,0.038058149245483355,195.73192425022003,16.971688710986864,0,SIMULATED
21.664385322765916,-0.009068765967371857,584.7295567037917,102.3062273275295,0,SIMULATED
5.066428306992021,0.00519615713611019,673.1591130782318,90.14751756365746,0,SIMULATED
9.482814839947903,0.020498433862507985,83.01258387149214,150.26242892062857,0,SIMULATED
39.510582549635124,-0.003279070000539931,708.0206133617214,92.92051743860728,1,SIMULATED
5.049322500476325,-0.011619203770629664,642.0634191614797,68.7631937848742,0,SIMULATED
25.326694232515003,-0.045514728074435046,698.353750651433,52.33098312658881,1,SIMULATED
24.580080260288323,0.012819814387899467,564.7742725714951,55.62934909399422,1,SIMULATED
18.323766440425512,-0.002263368194577945,545.8393924892925,185.56958036556279,1,SIMULATED
22.253080805857984,-0.020253677027763234,429.57272200899376,33.01572041756246,1,SIMULATED
36.223245501063374,0.0025319342055538712,529.1740351032257,197.63528491143003,1,SIMULATED
38.64814824859826,-0.011673607136123627,736.905538361952,65.38389103844496,0,SIMULATED
15.413941736610003,-0.010568522622310512,98.40716110503257,17.678047083499493,0,SIMULATED
17.899617638709195,0.012125823122174164,266.2962927199511,49.738076157573,0,SIMULATED
14.699314121133309,-0.02676764822647689,76.51487940478003,11.682875910923741,0,SIMULATED
24.194536022042605,0.02094630572147517,756.94803411635,158.00595383278318,1,SIMULATED
32.33033430635252,-0.027953723262368075,367.30706347952264,102.51058250822109,1,SIMULATED
14.130115018536822,-0.013254028167105277,546.7686871274269,67.39732377336018,1,SIMULATED
18.229429682194667,0.03845892388133155,676.0736503133708,132.4099209263125,1,SIMULATED
42.215384703566016,0.022547095232848445,792.980193499661,126.12930519006404,1,SIMULATED
6.942771593878323,0.001952079849908804,146.19031707796728,187.97441784551805,0,SIMULATED
23.430784209582647,-0.01881060431002433,643.6198324602184,192.25210334967593,0,SIMULATED
33.462321663871116,-0.010585446133997865,712.1898605466544,136.13675513308107,1,SIMULATED
11.018160462298962,0.001465506291713928,58.12279394368298,163.5631854488337,0,SIMULATED
6.894960800219274,0.0007504646467919685,608.1906369447472,158.48502006703572,0,SIMULATED
10.52821486554123,-0.001817418592519257,296.68575053330926,98.26070653997996,0,SIMULATED
41.75292774122732,-0.0006166502816836866,525.905497346937,140.8916576066834,0,SIMULATED
5.370391272844937,-0.0042875021941022814,420.95759291031453,15.65180153671404,0,SIMULATED
12.532878992454073,-0.02883957471280026,222.5989566275768,151.6042166300614,0,SIMULATED
6.251340516065782,-0.010330214843216657,125.47266236310911,192.36660143847354,0,SIMULATED
9.42517870248813,0.01829248107973693,111.21884180958247,16.994950625147688,0,SIMULATED
29.80597146513185,-0.02736668595102235,100.59182901262352,167.2231569183709,0,SIMULATED
14.665556349563431,-0.0037911102307855707,517.4762313049706,186.59600532985425,1,SIMULATED
27.768482017227072,-0.01639507857541688,294.1004640916397,45.237777960412416,0,SIMULATED
28.607815310645044,0.0022270085879622266,188.9740818005805,104.96223752184075,0,SIMULATED
38.977413323591165,-0.007772663621336363,559.6703723106044,185.5716450925977,0,SIMULATED
5.189655716474957,0.02954787329949338,555.7426612978442,192.04520090459357,0,SIMULATED
39.13477837369467,0.010131663083805077,440.5512680384582,25.57647687046327,1,SIMULATED
29.76476345707896,-0.026236063315544227,749.2670971553637,69.80084511109013,1,SIMULATED
11.509739444198303,0.013424560232273973,320.6231005243086,139.6289282301713,0,SIMULATED
35.91749552541136,-0.015493037125241261,671.9731175900486,44.31169987718606,1,SIMULATED
39.21966167162343,-0.011539927427550672,78.60873818711312,64.95412572689617,0,SIMULATED
15.170539350166292,0.006276380402142436,597.0682533500335,4.658212000938655,1,SIMULATED
41.751747236107235,-0.009834948394602696,790.9889827889054,30.70433618623978,0,SIMULATED
23.17829721194631,0.017857116326459106,680.3466087044972,112.46589888354876,0,SIMULATED
29.13697817333286,-0.01549020123026791,472.1384810618463,130.61801326083656,1,SIMULATED
44.38598134470575,-0.012378931051827264,508.8775301751853,129.7823662191674,1,SIMULATED
19.461443145567973,-0.013127417870962178,295.5658485608185,155.67209415564335,1,SIMULATED
37.526373832804516,-0.011312774967100779,549.9984702413211,83.05628274775829,1,SIMULATED
17.735964713138387,0.021983831110956257,620.9083988814351,54.698143248231105,0,SIMULATED
36.96854088965964,0.012575925872206063,798.618215271926,3.1161400085049973,0,SIMULATED
29.0293567545057,0.034198879080241426,404.1210752603377,41.32596521047738,1,SIMULATED
13.654227809016056,0.045352884077985094,67.81717130328498,62.47756244040745,0,SIMULATED
21.561043751569457,-0.020614340638646797,484.7692015701685,35.641371296093105,0,SIMULATED
17.705425374542468,0.0014083825465457777,112.83883698609151,4.028894299320451,0,SIMULATED
8.124335723214555,-0.02352400633286866,210.91673397376584,31.489521733038316,0,SIMULATED
6.193390803987899,-0.015552118554965343,276.44833081847503,133.21991071351448,0,SIMULATED
18.859146216287236,-0.012601650205113389,590.2033010557603,125.91708329451916,1,SIMULATED
5.761365912699463,-0.021143097482765487,163.3703366252304,187.1367278796085,0,SIMULATED
11.619510303271001,-0.021037745457968274,149.28729853703499,159.63365827946186,0,SIMULATED
34.00733283403475,-0.0028856875704050973,55.07210914908542,113.55122336823824,0,SIMULATED
33.32364942734352,-0.02433436836772814,701.1271503560271,27.511269498642264,1,SIMULATED
34.54321545829531,0.016842539182752657,560.9342309977274,112.81436378503138,0,SIMULATED
17.68612684519915,-0.018355070748350286,51.15824318174867,12.319012182836154,0,SIMULATED
40.60077828470782,0.056191379401927845,42.06799839772937,86.17697948217055,0,SIMULATED
28.753221921137904,-0.009027689019287903,455.7659512505437,78.05172578943909,0,SIMULATED
10.041053669865061,0.0014403528383410444,240.3768330036346,85.56276187258834,0,SIMULATED
10.748746458221365,-0.025906823689320704,485.44655333690446,55.965183678957445,1,SIMULATED
32.72381707718806,0.03412183516255279,358.99125703115294,137.16608952476474,0,SIMULATED
11.917757457683123,0.022390013616058326,740.1837986019985,168.1888934597559,0,SIMULATED
25.29170806328173,0.005938317414722251,244.49103166986697,153.7033985197955,0,SIMULATED
44.67097903714843,-0.026936050975591312,549.7333873823369,125.55041915817607,1,SIMULATED
5.16030418933358,0.004213337554492406,62.16236306250737,107.66895986660265,0,SIMULATED
5.663192075902277,-0.0224286209203451,765.5712166673618,6.216836001606074,0,SIMULATED
44.723383277220265,0.029247105269467215,784.9908249685147,144.58679973838423,1,SIMULATED
28.38555336536662,0.016183894637063455,596.4782106328017,108.99658791569948,0,SIMULATED
10.076399020740524,0.0019087807697547225,382.86572781958705,54.14821013277737,0,SIMULATED
40.892087990163745,-0.04872751326494645,191.59488267526385,65.56840777068832,0,SIMULATED
40.21521200510769,-0.019668319573180614,653.7627453934125,187.12135729394828,0,SIMULATED
26.44801652445501,0.013755222631997448,594.3561957746774,124.87244902344541,1,SIMULATED
29.871681194430263,0.024257673834463117,193.12415085754026,95.18248693150566,1,SIMULATED
15.927487660035053,0.022183396229842632,371.94792944266726,124.18434794168154,0,SIMULATED
7.020787854880206,-0.03184026004482911,380.9831714970923,82.74846499713139,0,SIMULATED
28.782704355634575,0.006031046136258081,664.6002289787132,94.03645464060324,0,SIMULATED
16.79020772811052,0.02031030432965859,553.3988537805797,58.06185134153408,0,SIMULATED
31.544841866414078,-0.033166711311644906,521.670683961243,87.97066011832891,0,SIMULATED
38.44980707370405,-0.00015809030746472694,526.8653895993572,137.1184464875821,1,SIMULATED
5.726421756574562,0.005476847966169125,230.96666191833356,7.988385017293842,0,SIMULATED
28.828550987429097,-0.006015291696934698,309.93478266703653,159.00548145923096,1,SIMULATED
14.25122158747409,-0.037043237108024034,55.61658264063079,56.59590817226257,0,SIMULATED
39.955539916152055,-0.006513962201474574,633.8140859334566,136.51195868649995,0,SIMULATED
15.14658026247314,-0.00654610860510048,357.7386078324548,128.545062936012,0,SIMULATED
29.43080532941673,-0.002961448090955084,361.82591852830734,130.52560982826108,1,SIMULATED
27.14163360358446,-0.011269428508501392,211.37788664822884,121.62578325116058,0,SIMULATED
20.84666000236996,-0.008860243064829347,183.35327953835454,191.82036761390697,1,SIMULATED
32.10483054399176,-0.000794125646939558,478.50110506384283,101.66883253907817,0,SIMULATED
34.03078538861735,0.008849092099394223,201.3913518588671,146.4638231030703,1,SIMULATED
27.67751181277547,-0.006088535257133344,70.08290422106224,141.08986624691553,0,SIMULATED
35.33688948739017,-0.008192978567360037,618.6557844651007,47.253515455666076,1,SIMULATED
44.33668303971751,0.0018470807650891616,313.6461588369654,56.66116783736512,1,SIMULATED
21.770895516032205,-0.03841831851790363,316.58375544145747,84.80341963139357,0,SIMULATED
25.583322075421236,0.009540702544529161,356.42825958231725,55.53958609264185,0,SIMULATED
5.4987951176485295,-1.1261942459176164e-05,655.7349622583132,73.34861978599194,0,SIMULATED
36.84114225241514,0.0007938705319512365,270.25277883305733,78.19212278566118,1,SIMULATED
25.809202681839754,0.01921468615188928,611.2682447811121,120.7729121876688,1,SIMULATED
21.318457214422608,-0.03905631060096496,752.8449758080437,43.97800854701232,1,SIMULATED
8.762878523575832,-0.03947667739717928,535.4771928213436,160.85837317533748,1,SIMULATED
40.58625686701589,0.005476076906470391,356.7112433180792,87.50727135430093,1,SIMULATED
20.800289601622257,-0.00014233710257031547,603.2759840543985,141.24882233664937,0,SIMULATED
32.303263928368814,0.0034035388638386445,377.1599484060807,16.288496248163575,1,SIMULATED
10.97496625472603,-0.009242541503448911,343.25327146434984,93.99307882487338,0,SIMULATED
43.4619851816413,0.013287073484798625,429.7208675866929,5.643906435465662,1,SIMULATED
12.137670472873236,0.0186527768598224,267.82342115124914,135.18199836311297,0,SIMULATED
12.981679715979615,0.009679645879030542,101.31516869840094,68.74201539941392,0,SIMULATED
39.35931442230855,-0.005216569168091663,343.58456431040884,189.85056282116574,0,SIMULATED
41.503309765677244,-0.042153787752288056,116.6083672808555,64.82484292028387,1,SIMULATED
13.485896300932056,0.015384724160742562,340.1443493732484,112.76117960354537,0,SIMULATED
23.792035526993118,0.024434573324351856,454.40830254649126,51.47751513892294,1,SIMULATED
34.3397961825132,0.0128911682396796,745.9547213404045,124.02252578946806,0,SIMULATED
40.134629352432064,-0.01759284854735013,48.2534182153368,93.40847002664691,0,SIMULATED
20.16210780149221,0.013475887873355158,504.73755707151645,74.12565230112658,0,SIMULATED
25.680779473977168,0.01721059415922891,377.03344558706027,40.737869816035975,0,SIMULATED
34.6686564207894,0.031176324955981716,35.80367999922855,22.304268794291062,0,SIMULATED
34.245439066111814,-0.017522198484559152,214.64757723220188,23.975826791334654,1,SIMULATED
36.3184052010434,-0.004529091690882769,112.41849683674522,199.80800350111062,0,SIMULATED
27.797352745661055,0.014945441022869104,189.09943367052688,82.46214537144694,0,SIMULATED
9.184603872191008,0.0011482014287631558,234.1647898995162,0.3859415746678918,0,SIMULATED
41.158931635121604,-0.022346552041025498,333.0189415981131,190.58575812520286,0,SIMULATED
39.62290157284113,0.008292325700534061,432.6507269213344,3.9959848459625302,0,SIMULATED
36.92389743273332,0.011573232676303334,20.77219526258116,83.71722511090674,0,SIMULATED
8.99449908642918,0.0017592579266200398,146.2581012904178,143.4955171941312,1,SIMULATED
13.175894683257168,0.004391698543598883,92.98178077486455,182.91984887435234,0,SIMULATED
34.744014604306074,-0.005174118033714603,448.7452514249401,142.5772582864202,0,SIMULATED
5.925603783277857,0.029565578714321188,276.6783989129905,92.72515098000235,0,SIMULATED
44.16898534829119,-0.018013843674253533,447.75023410708013,194.88840779682067,1,SIMULATED
20.085787214227228,-0.011746415255275578,193.0221756962487,7.8638766066540855,0,SIMULATED
33.77250134763295,0.00021971027055051244,38.89889618831619,197.3784405076016,1,SIMULATED
40.502843539521734,0.017579080554017853,754.2661829907925,169.87831034168778,0,SIMULATED
20.785195526003292,-0.029947463401890737,104.48033452741534,185.78600342527182,0,SIMULATED
17.765299543986643,-0.026205934995308783,118.94982341013912,50.95448481950733,0,SIMULATED
29.34964515592987,-0.04075457015469436,134.3065246779096,28.491614456853952,0,SIMULATED
28.23957494992203,0.0006539045050654158,785.3956887147527,132.66305587454002,0,SIMULATED
21.365599104991887,-0.02236611634413088,501.77498733259694,103.171887597224,0,SIMULATED
29.07099023470834,-0.007691002200358335,496.02616232900345,104.63359214887589,1,SIMULATED
42.41525478265979,0.013227563797834161,789.6245971844531,184.92383569664352,1,SIMULATED
23.70561026506386,-0.012830854415656932,88.98224003423073,124.01618133065244,1,SIMULATED
12.869687230025253,0.004625640454867292,780.1106961829855,62.21276702091798,0,SIMULATED
20.088239315320155,-0.005986758155034441,179.1302543121519,80.0133112835752,0,SIMULATED
20.764279303724745,0.013442286301928737,505.9957727783877,26.69916701837025,1,SIMULATED
10.244347721048793,0.009502561346960176,347.6651809361775,38.46280805513786,0,SIMULATED
11.514860022182196,-0.0138386739234922,319.482414512199,28.6700140419077,0,SIMULATED
32.38248293574709,-0.0033730350680090527,746.3697962139807,162.05826824227088,1,SIMULATED
18.57911016835611,0.02087486795440989,136.39762818340003,140.97469359442377,0,SIMULATED
43.1959356742323,0.007867537405081941,797.71382863947,106.06900352217036,1,SIMULATED
14.743869814344297,-0.02793924115502263,315.71754765140787,74.87356672551415,0,SIMULATED
8.956980204192892,0.013112361223427654,526.0444250330725,133.6988580648701,0,SIMULATED
35.14018252001031,-0.021692212448724765,774.9672505570209,162.5810695391522,1,SIMULATED
40.241442076714804,0.02825026139922012,64.92881929560033,176.2466431343418,0,SIMULATED
16.124534274859514,0.020481976796820497,739.8342030816486,109.40324564126671,1,SIMULATED
13.08352406581912,0.005797709518368016,462.89288057638777,163.97702436394016,0,SIMULATED
12.430645394843488,0.003144656868723868,569.4295656024128,102.26119068253901,1,SIMULATED
25.880492054660493,-0.0041806451205484004,136.3636634313517,94.90601783757818,0,SIMULATED
23.736665649870837,0.013570479028000562,436.04219604820514,173.08637112442005,0,SIMULATED
15.37759359418137,-0.007415563389241233,545.34069748569,77.2747872529328,0,SIMULATED
6.8069246795770555,0.0047113974127978775,375.8728997623918,79.18253580814046,1,SIMULATED
24.259653613051228,0.017438687330389023,140.88843892272425,60.98226905698323,0,SIMULATED
43.37329390542433,-0.011236130870511793,210.41287856674975,103.74034565892333,1,SIMULATED
31.10076803010653,-0.012323854799813891,686.4263769749289,108.97000673789215,0,SIMULATED
24.820262265144738,-0.02388730961448918,46.88737440955497,132.0922290620914,0,SIMULATED
9.427682961184644,-0.021289454922523446,572.9124211838337,86.1004620219141,0,SIMULATED
15.097451621983492,-0.03656790622883005,799.524228481331,43.56745837671987,1,SIMULATED
16.79095798298171,0.014596575780310593,25.83673696327796,173.36841248277517,0,SIMULATED
35.59214210428937,0.036178290841655414,145.61563259955312,69.20017344760288,0,SIMULATED
40.068431890584776,0.02850657886940611,545.8325546966449,184.58868396803493,0,SIMULATED
41.065674142657535,-0.03252168977253033,66.79285097657164,41.47066660529115,0,SIMULATED
44.382744330030164,0.014497093431124,480.03618740756997,112.0114952472461,0,SIMULATED
44.2946673241813,0.02844212699847113,553.5200807776238,107.32301870589045,0,SIMULATED
43.11996531071926,-0.00913619961477328,478.7541515289747,165.72956958539905,0,SIMULATED
7.872885620115375,0.0020289486130009894,304.84406835643244,27.77027735016595,0,SIMULATED
10.511741437112207,-0.04015786101609341,563.8801908695783,181.98743458349227,0,SIMULATED
17.178661059041318,0.00533472335953283,483.54965385078,106.28563443441404,1,SIMULATED
27.115930162578458,-0.02127119458869435,181.9569942332574,117.22187678287328,0,SIMULATED
8.879115548219172,0.003992700358230291,459.2457239963856,102.03325865955341,0,SIMULATED
38.8318783120857,-0.031224058443777607,707.8876293683635,7.204981367253294,0,SIMULATED
29.670247163092363,0.010857164489551919,540.129962838551,99.41813236131962,0,SIMULATED
26.694576092088198,0.020490253508533795,387.99737576720077,52.70993253539811,0,SIMULATED
11.612452934691646,-0.015663597234303352,270.8356002381719,68.53763607556628,0,SIMULATED
15.130218976007894,-0.02273845162820869,86.99124336130683,129.820319837428,0,SIMULATED
11.412480999290322,-0.043120460850999624,210.80916355204238,99.53942589482119,0,SIMULATED
39.07732631179194,-0.005328270681503541,28.72566740776397,18.643642533492088,0,SIMULATED
28.369114402448727,-0.011631878685632103,789.5682156694722,14.608254952351786,0,SIMULATED
34.40517710078534,-0.031020388246961097,193.53615666041716,37.13153912347407,0,SIMULATED
16.841314516401027,0.009060375126243433,655.6032352945907,38.17702931444473,0,SIMULATED
19.850105483531088,-0.008999407637292983,151.54300780788333,121.66015139427297,0,SIMULATED
21.19419857706135,-0.021514719172904647,241.20889669234765,35.56289280910856,1,SIMULATED
35.400598869761396,-0.011091448112808941,346.2563089981261,176.3438846549541,0,SIMULATED
35.89411950698272,0.021426090778592314,273.03641803045196,41.95213212268263,0,SIMULATED
13.272541100561268,0.012058738875104445,642.7136339526917,18.226289085276527,1,SIMULATED
42.66155426952396,-0.002600521229969797,767.0008582520301,175.14920327192937,0,SIMULATED
9.826213497747457,0.012382100369297051,702.7296972476619,59.0655152153466,0,SIMULATED
40.84488329694521,-0.02321823912773478,139.7907362192501,85.08452596674717,0,SIMULATED
9.015825825992373,0.0006474020145406106,625.8171675524464,191.80527680248846,0,SIMULATED
15.581592446052444,0.002946446609729411,135.39859237767493,188.87384383155478,0,SIMULATED
38.85914144271828,-0.009396730169974539,732.4372631184391,142.98337785298355,1,SIMULATED
12.179682893843498,0.008709166719148356,423.9452890214912,13.787790346510942,0,SIMULATED
21.542717252398795,-0.015608669092889025,282.37724868423123,118.6680250822795,0,SIMULATED
22.99437199776505,0.010196414155522358,142.4798879206704,197.81558700845156,0,SIMULATED
14.810358920928387,0.011037175430625839,29.211088779623598,189.3832456847961,0,SIMULATED
33.40980805343946,-0.05834319761394133,213.3986534954901,21.200498503988573,0,SIMULATED
39.05338597608815,0.023806114070202354,732.9356493594233,79.19346061807373,1,SIMULATED
39.983005594222874,-0.06095265130705508,641.8645099723375,63.107349180567866,1,SIMULATED
18.572885829462436,-0.012320980511122506,776.4390920455612,25.94562138098111,0,SIMULATED
26.234015771512578,0.0205069606851551,98.59398647467097,138.95966224975217,0,SIMULATED
14.93625615462606,-0.006345734505048814,481.89941993442216,54.76967287204735,0,SIMULATED
14.791860062005817,-0.02932371964939084,220.57736974400575,68.97316062505956,0,SIMULATED
11.450162514076965,-0.021874741234333413,443.4945305024778,18.07177534028359,0,SIMULATED
42.60076043230059,0.020538114926412394,269.95481073949503,99.59351175573312,0,SIMULATED
40.519553144223195,-0.038430090610972766,241.10312918981887,31.633572730411295,0,SIMULATED
36.09434853310769,0.022579822019240345,467.59933557918606,86.41808471589782,1,SIMULATED
25.70646085150916,-0.0011020419808457868,162.98816625824145,28.6684444206603,0,SIMULATED
24.624316620474875,-0.02384790660884867,385.92408083825114,190.76997799002916,1,SIMULATED
26.189826647299917,-0.011662301446053822,527.6335667343471,28.99650663942852,0,SIMULATED
26.46272054308357,-0.020344486822032826,119.98201708258716,104.37743077012665,0,SIMULATED
22.382523387907614,0.01732450401717057,745.8635312839851,39.3959650637975,1,SIMULATED
10.270193315682699,0.014648556195256766,414.4652655742173,15.272360694521847,0,SIMULATED
10.02655411474144,-0.03438322267752093,659.231818069787,40.46172376841963,0,SIMULATED
43.08998863382733,-0.008071842370386682,530.0462358844294,10.954821478087219,1,SIMULATED
24.281230383454023,-0.017263713246885543,573.8007341535855,27.879476624197764,0,SIMULATED
43.12822099620756,0.025870199369187406,578.5821339744136,98.69683155264339,1,SIMULATED
11.543075108404398,-0.02700198236252842,702.5779197079487,130.36310421151484,1,SIMULATED
27.176662081597343,0.03208458209370028,498.6122393366008,17.46796301435669,0,SIMULATED
13.30869013406157,-0.0006658947903387514,237.0093783426839,88.2037247808537,1,SIMULATED
15.12738424506406,-0.023238688127601752,97.61752143505659,116.2494045706704,0,SIMULATED
6.202183150447151,-0.013545483680185558,492.8754831711104,46.8451352422123,0,SIMULATED
9.758132429608452,-0.016032376815369013,71.75518694105322,74.41568230320507,0,SIMULATED
41.67393630516783,-0.02549236804031012,208.20889231783354,14.366973946721728,0,SIMULATED
17.86131965929327,0.0018965371946075133,67.35160398949114,44.026216046618984,0,SIMULATED
29.325168476583663,-0.02455831101383687,448.1323194251223,93.350585183788,0,SIMULATED
23.60056527957092,-0.043607324174763776,145.06373745543706,198.08843578506446,1,SIMULATED
21.01804980981113,-0.007593529416963462,496.11770915810916,199.25301258782667,1,SIMULATED
26.275443653842725,-0.03605712392835765,636.8748020733487,195.9243362248576,1,SIMULATED
12.48955778461366,-0.015043217361350407,661.0669622020527,84.61727726006552,0,SIMULATED
44.544155940783064,-0.018182057772067117,261.4439363473494,16.136075682933004,0,SIMULATED
37.73231474815452,-0.017424321440516283,448.1845355017069,64.7146874498667,0,SIMULATED
34.66458530926061,0.040019262031803074,459.14839286736,47.54287507419546,0,SIMULATED
23.7503718805581,0.0011282313433914153,388.8520020802499,2.8253149819709167,0,SIMULATED
11.115084885053438,0.004907420179906643,530.9888353113166,19.04672205767508,1,SIMULATED
41.82663433094271,-0.03552796592684589,183.8679565823562,90.63838700981321,1,SIMULATED
18.655482695269107,-0.013079262672738439,783.8097268776995,67.9324927608594,1,SIMULATED
7.004267587877351,0.004306052598830239,96.5022651309273,36.07074432689661,0,SIMULATED
18.69614707242515,-0.020490578258260127,666.792490138433,143.21999413174942,0,SIMULATED
36.77828121983537,0.01816125687035971,483.3948698219265,71.42311917932372,0,SIMULATED
29.908349799528327,-0.024053931718020602,210.9867028110984,170.37357114930887,0,SIMULATED
35.03354338979439,-0.0057273227173035126,601.6265005150339,48.19543205262347,1,SIMULATED
36.745415354495094,-0.011721032799511174,85.89509862811613,107.67869801732495,0,SIMULATED
13.478184443221704,0.0032864131876383196,624.0459108700508,36.82784342983649,0,SIMULATED
41.951332643727206,-0.012809801437108519,480.1884733495506,99.0601232771684,1,SIMULATED
22.519584116814904,-0.005417872541418746,106.38524834919325,30.49330179567724,0,SIMULATED
30.560545970566583,-0.004722601835559711,82.01433921204878,32.31572487430439,0,SIMULATED
5.09235090346968,-0.01468775514782602,605.6523400804407,122.44467540840314,0,SIMULATED
44.73473993644712,0.009701877369942253,248.490007072993,52.757208435153345,1,SIMULATED
16.235855438566205,0.004767767496748506,713.6554435984265,34.473445312849464,1,SIMULATED
